precipitation,0,-9,-9,-9,-9,-9,-9,-9,-9,-9,-9,-9,-9,-9,-9,-9,-9,-9,-9,-9,-9,-9,-9,-9,-9,-9,-9,-9,-9,-9,-9,-9,-9,-9,-9,-9,-9,-9,-9,-9,-9,-9,-9,-9,-9,-9,-9,-9,-9,-9,-9,-9,-9,-9,-9,-9,-9,-9,-9,-9,-9,-9,-9,-9,-9,-9,-9,-9,-9,-9,-9,-9,-9,-9,-9,-9,-9,-9,-9,-9,-9,-9,-9,-9,-9,-9,-9,-9,-9,-9,-9
precipitation,1,-9,-9,-9,-9,-9,-9,-9,-9,-9,-9,-9,-9,-9,-9,-9,-9,-9,-9,-9,-9,-9,-9,-9,-9,-9,-9,-9,-9,-9,-9,-9,-9,-9,-9,-9,-9,-9,-9,1714,1685,-9,-9,-9,-9,-9,-9,-9,-9,-9,-9,-9,-9,-9,-9,-9,-9,-9,-9,-9,-9,-9,-9,-9,-9,-9,-9,-9,-9,-9,-9,-9,-9,-9,-9,-9,-9,-9,-9,-9,-9,-9,-9,-9,-9,-9,-9,-9,-9,-9,-9
precipitation,2,-9,-9,-9,-9,-9,-9,-9,-9,-9,-9,-9,-9,-9,-9,-9,-9,-9,-9,-9,-9,-9,-9,-9,-9,-9,-9,-9,-9,-9,-9,-9,-9,-9,-9,-9,1773,1783,1792,1780,1746,1712,-9,-9,-9,-9,-9,-9,-9,-9,-9,-9,-9,-9,-9,-9,-9,-9,-9,-9,-9,-9,-9,-9,-9,-9,-9,-9,-9,-9,-9,-9,-9,-9,-9,-9,-9,-9,-9,-9,-9,-9,-9,-9,-9,-9,-9,-9,-9,-9,-9
precipitation,3,-9,-9,-9,-9,-9,-9,-9,-9,-9,-9,-9,-9,-9,-9,-9,-9,-9,-9,-9,-9,-9,-9,-9,-9,-9,-9,-9,-9,-9,-9,-9,-9,-9,1837,1843,1848,1853,1858,1842,1803,1764,1725,-9,-9,-9,-9,-9,-9,-9,-9,-9,-9,-9,-9,-9,-9,-9,-9,-9,-9,-9,-9,-9,-9,-9,-9,-9,-9,-9,-9,-9,-9,-9,-9,-9,-9,-9,-9,-9,-9,-9,-9,-9,-9,-9,-9,-9,-9,-9,-9
precipitation,4,-9,-9,-9,-9,-9,-9,-9,-9,-9,-9,-9,-9,-9,-9,-9,-9,-9,-9,-9,-9,-9,-9,-9,-9,-9,-9,-9,-9,-9,-9,-9,-9,-9,1921,1922,1923,1924,1924,1903,1860,1817,1773,1730,1686,-9,-9,-9,-9,-9,-9,-9,-9,-9,-9,-9,-9,-9,-9,-9,-9,-9,-9,-9,-9,-9,-9,-9,-9,-9,-9,-9,-9,-9,-9,-9,-9,-9,-9,-9,-9,-9,-9,-9,-9,-9,-9,-9,-9,-9,-9
precipitation,5,-9,-9,-9,-9,-9,-9,-9,-9,-9,-9,-9,-9,-9,-9,-9,-9,-9,-9,-9,-9,-9,-9,-9,-9,-9,-9,-9,-9,-9,-9,-9,-9,-9,2005,2001,1998,1994,1991,1965,1917,1869,1821,1773,1725,1681,-9,-9,1564,1525,1486,-9,-9,-9,-9,-9,-9,-9,-9,-9,-9,-9,-9,-9,-9,-9,-9,-9,-9,-9,-9,-9,-9,-9,-9,-9,-9,-9,-9,-9,-9,-9,-9,-9,-9,-9,-9,-9,-9,-9,-9
precipitation,6,-9,-9,-9,-9,-9,-9,-9,-9,-9,-9,-9,-9,-9,-9,-9,-9,-9,-9,-9,-9,-9,-9,-9,-9,-9,-9,-9,-9,-9,-9,-9,-9,2097,2089,2081,2073,2065,2057,2027,1974,1921,1869,1816,1763,1716,1674,1632,1590,1548,1507,1476,-9,1437,1417,1397,-9,-9,-9,-9,-9,-9,-9,-9,-9,-9,-9,-9,-9,-9,-9,-9,-9,-9,-9,-9,-9,-9,-9,-9,-9,-9,-9,-9,-9,-9,-9,-9,-9,-9,-9
precipitation,7,-9,-9,-9,-9,-9,-9,-9,-9,-9,-9,-9,-9,-9,-9,-9,1787,-9,-9,-9,-9,-9,-9,-9,-9,2031,2054,-9,-9,-9,2139,2160,2181,2185,2173,2160,2148,2135,2123,2088,2031,1974,1916,1859,1802,1751,1706,1661,1617,1572,1527,1495,1475,1455,1434,1414,1394,1386,-9,-9,-9,-9,-9,-9,-9,-9,-9,-9,-9,-9,-9,-9,-9,-9,-9,-9,-9,-9,-9,-9,-9,-9,-9,-9,-9,-9,-9,-9,-9,-9,-9
precipitation,8,-9,-9,-9,-9,1737,1731,1724,-9,-9,-9,-9,-9,-9,-9,1835,1869,-9,-9,1973,2007,-9,-9,-9,2100,2122,2143,2162,-9,2194,2210,2226,2241,2242,2225,2209,2193,2177,2161,2124,2065,2005,1946,1887,1828,1776,1730,1684,1638,1592,1547,1514,1494,1473,1453,1433,1413,-9,-9,-9,-9,-9,-9,-9,-9,-9,-9,-9,-9,-9,-9,-9,-9,-9,-9,-9,-9,-9,-9,-9,-9,-9,-9,-9,-9,-9,-9,-9,-9,-9,-9
precipitation,9,-9,-9,-9,-9,1771,1767,1763,1759,1767,-9,-9,-9,-9,1862,1891,1928,1965,2002,2039,2077,2105,-9,-9,2166,2186,2206,2221,2231,2240,2250,2260,2270,2266,2247,2228,2209,2190,2172,2133,2075,2017,1958,1900,1842,1791,1745,1700,1655,1610,1564,1532,1513,1493,1474,1454,1435,-9,-9,-9,-9,-9,-9,-9,-9,-9,-9,-9,-9,-9,-9,-9,-9,-9,-9,-9,-9,-9,-9,-9,-9,-9,-9,-9,-9,-9,-9,-9,-9,-9,-9
precipitation,10,-9,-9,-9,1807,1805,1803,1802,1800,1810,1831,-9,-9,-9,1916,1946,1986,2026,2066,2106,2146,2175,2193,-9,2231,2249,2268,2279,2283,2287,2291,2295,2299,2290,2268,2247,2225,2203,2182,2142,2085,2028,1971,1914,1856,1806,1761,1716,1672,1627,1582,1551,1532,1513,1494,-9,-9,-9,-9,-9,-9,-9,-9,-9,-9,-9,-9,-9,-9,-9,-9,-9,-9,-9,-9,-9,-9,-9,-9,-9,-9,-9,-9,-9,-9,-9,-9,-9,-9,-9,-9
precipitation,11,-9,-9,1837,1838,1839,1840,1841,1842,1854,1877,1900,-9,1946,1970,2002,2045,2087,2130,2172,2215,2245,2262,2279,2296,2313,2330,2338,2336,2333,2331,2329,2327,2314,2289,2265,2241,2216,2192,2151,2095,2039,1983,1927,1871,1820,1776,1732,1688,1644,1600,1569,1551,1533,1515,-9,-9,-9,-9,-9,-9,-9,-9,-9,-9,-9,-9,-9,-9,-9,-9,-9,-9,-9,-9,-9,-9,-9,-9,-9,-9,-9,-9,-9,-9,-9,-9,-9,-9,-9,-9
precipitation,12,-9,1859,1866,1869,1873,1876,1880,1883,1898,1923,1948,1973,1998,2023,2058,2103,2148,2194,2239,2284,2314,2330,2346,2361,2377,2392,2396,2388,2380,2372,2364,2356,2338,2311,2284,2256,2229,2202,2161,2106,2050,1995,1940,1885,1836,1792,1749,1705,1661,1618,1587,1570,1553,1536,-9,-9,-9,-9,-9,-9,-9,-9,-9,-9,-9,-9,-9,-9,-9,-9,-9,-9,-9,-9,-9,-9,-9,-9,-9,-9,-9,-9,-9,-9,-9,-9,-9,-9,-9,-9
precipitation,13,-9,-9,1895,1901,1907,1913,1919,1925,1941,1968,1996,2022,2049,2076,2114,2162,2209,2257,2305,2353,2384,2398,2412,2427,2441,2455,2455,2441,2426,2412,2398,2384,2362,2332,2302,2272,2242,2212,2170,2116,2061,2007,1953,1899,1850,1808,1765,1722,1679,1636,1606,1589,1573,1556,1540,-9,-9,-9,-9,-9,-9,-9,-9,-9,-9,-9,-9,-9,-9,-9,-9,-9,-9,-9,-9,-9,-9,-9,-9,-9,-9,-9,-9,-9,-9,-9,-9,-9,-9,-9
precipitation,14,-9,-9,-9,1902,1910,1918,1926,1934,1952,1980,2008,2035,2063,2091,2130,2178,2227,2276,2325,2373,2404,2418,2432,2445,2458,2472,2470,2453,2437,2420,2403,2386,2362,2331,2299,2268,2237,2206,2164,2112,2059,2007,1955,1902,1856,1814,1773,1732,1691,1650,1622,1607,1592,1578,1563,-9,-9,-9,-9,-9,-9,-9,-9,-9,-9,-9,-9,-9,-9,-9,-9,-9,-9,-9,-9,-9,-9,-9,-9,-9,-9,-9,-9,-9,-9,-9,-9,-9,-9,-9
precipitation,15,-9,-9,-9,-9,1884,1893,1901,1910,1929,1956,1984,2012,2040,2068,2106,2154,2201,2249,2297,2345,2376,2389,2403,2417,2430,2444,2443,2426,2410,2394,2377,2361,2337,2306,2276,2245,2214,2183,2143,2093,2044,1994,1944,1894,1851,1813,1775,1737,1698,1660,1636,1624,1612,1600,1589,-9,-9,-9,-9,-9,-9,-9,-9,-9,-9,-9,-9,-9,-9,-9,-9,-9,-9,-9,-9,-9,-9,-9,-9,-9,-9,-9,-9,-9,-9,-9,-9,-9,-9,-9
precipitation,16,-9,-9,-9,-9,-9,1867,1877,1887,1906,1934,1962,1989,2017,2045,2082,2129,2176,2223,2270,2317,2347,2361,2375,2389,2402,2416,2415,2400,2383,2367,2351,2335,2312,2282,2252,2221,2191,2161,2122,2075,2028,1981,1934,1887,1846,1811,1776,1741,1706,1671,1649,1640,1632,1623,1614,-9,-9,-9,-9,-9,-9,-9,-9,-9,-9,-9,-9,-9,-9,-9,-9,-9,-9,-9,-9,-9,-9,-9,-9,-9,-9,-9,-9,-9,-9,-9,-9,-9,-9,-9
precipitation,17,-9,-9,-9,-9,-9,1841,1852,1864,1883,1911,1938,1966,1994,2021,2058,2104,2150,2196,2242,2288,2318,2332,2346,2361,2374,2389,2388,2372,2357,2341,2326,2310,2288,2258,2228,2198,2168,2138,2101,2057,2012,1968,1924,1879,1841,1809,1777,1745,1713,1681,1663,1657,1651,1646,1640,1634,1645,1671,-9,-9,-9,-9,-9,-9,-9,-9,-9,-9,-9,-9,-9,-9,-9,-9,-9,-9,-9,-9,-9,-9,-9,-9,-9,-9,-9,-9,-9,-9,-9,-9
precipitation,18,-9,-9,-9,-9,-9,-9,-9,1840,1860,1888,1915,1943,1971,1998,2034,2079,2125,2170,2215,2260,2290,2304,2318,2332,2346,2361,2360,2345,2330,2315,2300,2285,2263,2233,2204,2175,2145,2116,2080,2039,1997,1955,1913,1871,1836,1807,1778,1749,1721,1692,1676,1674,1671,1668,1666,1663,1676,1706,1735,-9,-9,-9,-9,-9,-9,-9,-9,-9,-9,-9,-9,-9,-9,-9,-9,-9,-9,-9,-9,-9,-9,-9,-9,-9,-9,-9,-9,-9,-9,-9
precipitation,19,-9,-9,-9,-9,-9,-9,-9,1817,1837,1865,1893,1920,1948,1975,2011,2055,2099,2143,2188,2232,2261,2275,2290,2304,2319,2333,2333,2318,2304,2289,2274,2260,2238,2209,2180,2151,2122,2093,2059,2020,1981,1942,1903,1864,1831,1806,1780,1754,1728,1702,1689,1690,1690,1691,1691,1692,1708,1740,1772,1803,-9,-9,-9,-9,-9,-9,-9,-9,-9,-9,-9,-9,-9,-9,-9,-9,-9,-9,-9,-9,-9,-9,-9,-9,-9,-9,-9,-9,-9,-9
precipitation,20,-9,-9,-9,-9,-9,-9,-9,1790,1810,-9,1864,1890,1917,1944,1978,2021,2064,2107,2150,2193,2222,2237,2252,2267,2282,2297,2298,2285,2271,2258,2245,2232,2212,2183,2156,2127,2099,2071,2038,2001,1964,1927,1889,1852,1822,1799,1776,1753,1731,1708,1698,1701,1705,1708,1711,1714,1732,1766,1799,1833,1866,1899,1941,-9,-9,-9,-9,-9,-9,-9,-9,-9,-9,-9,-9,-9,-9,-9,-9,-9,-9,-9,-9,-9,-9,-9,-9,-9,-9,-9
precipitation,21,-9,-9,-9,-9,-9,-9,-9,-9,-9,-9,-9,1854,1880,1905,1938,1979,2021,2062,2104,2145,2173,2189,2205,2221,2236,2252,2255,2244,2234,2223,2213,2202,2184,2157,2130,2103,2076,2049,2017,1981,1945,1908,1872,1836,1808,1788,1768,1748,1728,1708,1701,1707,1713,1719,1725,1731,1750,1784,1818,1852,1885,1919,1960,2008,2056,-9,-9,-9,2227,2231,-9,-9,-9,-9,-9,-9,-9,-9,-9,-9,-9,-9,-9,-9,-9,-9,-9,-9,-9,-9
precipitation,22,-9,-9,-9,-9,-9,-9,-9,-9,-9,-9,1795,1818,1842,1866,1898,1937,1977,2017,2057,2097,2125,2141,2158,2174,2191,2208,2212,2204,2196,2188,2180,2172,2155,2130,2104,2079,2053,2027,1996,1961,1926,1890,1855,1820,1794,1777,1760,1743,1726,1709,1705,1713,1722,1730,1739,1747,1768,1802,1836,1870,1905,1939,1979,2026,2073,2120,2167,2214,2238,2240,2242,-9,-9,-9,-9,-9,-9,-9,-9,-9,-9,-9,-9,-9,-9,-9,-9,-9,-9,-9
precipitation,23,-9,-9,-9,-9,-9,-9,-9,-9,-9,-9,1761,1783,1805,1827,1857,1896,1934,1972,2010,2048,2076,2093,2111,2128,2146,2163,2169,2164,2158,2153,2148,2143,2127,2103,2079,2054,2029,2005,1976,1941,1907,1872,1838,1804,1780,1766,1752,1738,1724,1710,1708,1719,1730,1741,1752,1763,1786,1821,1855,1889,1924,1958,1998,2044,2090,2135,2181,2227,2249,2250,2251,2251,-9,-9,-9,-9,-9,-9,-9,-9,-9,-9,-9,-9,-9,-9,-9,-9,-9,-9
precipitation,24,-9,-9,-9,-9,-9,-9,-9,-9,-9,-9,1726,1747,1767,1788,1817,1853,1890,1927,1963,2000,2027,2046,2064,2082,2100,2118,2126,2124,2121,2118,2115,2113,2099,2076,2053,2029,2006,1983,1955,1921,1888,1855,1821,1787,1765,1754,1743,1732,1721,1710,1711,1725,1739,1753,1766,1780,1804,1839,1874,1908,1943,1978,2018,2062,2106,2151,2195,2239,2261,2261,2260,-9,-9,-9,-9,-9,-9,-9,-9,-9,-9,-9,-9,-9,-9,-9,-9,-9,-9,-9
precipitation,25,-9,-9,-9,-9,-9,-9,-9,-9,-9,1673,1692,1711,1730,1749,1776,1811,1846,1882,1917,1952,1979,1998,2017,2036,2055,2074,2083,2083,2083,2083,2083,2082,2071,2049,2027,2005,1983,1961,1934,1901,1869,1836,1804,1771,1751,1743,1735,1727,1719,1711,1715,1731,1747,1764,1780,1796,1822,1857,1892,1927,1963,1998,2037,2080,2123,2166,2209,2252,2273,-9,-9,-9,-9,-9,-9,-9,-9,-9,-9,-9,-9,-9,-9,-9,-9,-9,-9,-9,-9,-9
precipitation,26,-9,-9,-9,-9,-9,-9,-9,-9,-9,-9,1668,1687,1705,1723,1748,1781,1815,1848,1881,1914,1940,1960,1979,1998,2018,2037,2048,2049,2050,2051,2053,2054,2044,2023,2002,1981,1960,1939,1913,1883,1852,1822,1791,1760,1742,1736,1731,1725,1719,1714,1720,1737,1755,1772,1789,1807,1832,1866,1900,1934,1968,2002,2038,2078,2118,2157,2196,2236,-9,-9,2256,-9,-9,-9,-9,-9,-9,-9,-9,-9,-9,-9,-9,-9,-9,-9,-9,-9,-9,-9
precipitation,27,-9,-9,-9,-9,-9,-9,-9,-9,-9,-9,1655,1673,1691,1709,1733,1764,1795,1825,1856,1887,1912,1931,1950,1970,1989,2008,2019,2021,2022,2024,2025,2027,2018,1997,1977,1957,1937,1917,1893,1865,1837,1809,1782,1754,1738,1734,1730,1726,1722,1718,1725,1742,1760,1777,1794,1812,1836,1867,1898,1929,1959,1990,2023,2057,2091,2125,2159,-9,2209,-9,-9,-9,-9,-9,-9,-9,-9,-9,-9,-9,-9,-9,-9,-9,-9,-9,-9,-9,-9,-9
precipitation,28,-9,-9,-9,-9,-9,-9,-9,-9,-9,-9,-9,1660,1677,1695,1718,1746,1775,1803,1831,1860,1884,1903,1922,1941,1960,1979,1990,1992,1994,1996,1998,2000,1991,1972,1952,1933,1914,1895,1873,1848,1823,1798,1773,1747,1734,1732,1729,1727,1725,1723,1731,1748,1765,1782,1800,1817,1839,1867,1896,1923,1951,1979,2007,2035,2064,2092,2120,2149,2163,2163,-9,-9,-9,-9,-9,-9,-9,-9,-9,-9,-9,-9,-9,-9,-9,-9,-9,-9,-9,-9
precipitation,29,-9,-9,-9,-9,-9,-9,-9,-9,-9,-9,-9,-9,1664,1681,1702,1728,1754,1781,1807,1833,1856,1875,1894,1913,-9,1951,1962,1964,1966,1968,1970,1973,1965,1946,1928,1909,1891,1873,1853,1830,1808,1786,1763,1741,1730,1730,1729,1728,1728,1728,1736,1753,1770,1788,1805,1822,1843,1868,1893,1918,1943,1968,1992,2014,2037,2059,-9,2105,2116,-9,-9,-9,-9,-9,-9,-9,-9,-9,-9,-9,-9,-9,-9,-9,-9,-9,-9,-9,-9,-9
precipitation,30,-9,-9,-9,-9,-9,-9,-9,-9,-9,-9,-9,-9,-9,1666,1687,1710,1734,1758,1782,1806,1827,1846,-9,-9,-9,-9,-9,1935,1938,1940,1943,1946,1938,1921,1903,1886,1868,1851,1832,1813,1793,1774,1754,1735,1726,1727,1728,1730,1731,1732,1742,1758,1776,1793,1810,1827,1846,1868,1891,1912,1934,1956,1976,1993,2010,2027,-9,-9,-9,-9,-9,-9,-9,-9,-9,-9,-9,-9,-9,-9,-9,-9,-9,-9,-9,-9,-9,-9,-9,-9
precipitation,31,-9,-9,-9,-9,-9,-9,-9,-9,-9,-9,-9,-9,-9,-9,-9,-9,-9,1736,1757,1779,-9,-9,-9,-9,-9,-9,-9,-9,1910,1912,1915,1918,1912,1895,1878,1862,1845,1829,1812,1795,1779,1762,1745,1729,1722,1725,1728,1731,1734,1737,1747,1764,1781,1798,1815,1832,1850,1869,1888,1907,1926,-9,-9,1972,1983,-9,-9,-9,-9,-9,-9,-9,-9,-9,-9,-9,-9,-9,-9,-9,-9,-9,-9,-9,-9,-9,-9,-9,-9,-9
precipitation,32,-9,-9,-9,-9,-9,-9,-9,-9,-9,-9,-9,-9,-9,-9,-9,-9,-9,-9,-9,1756,-9,-9,-9,-9,-9,-9,-9,-9,-9,1887,1891,1894,1888,1873,1858,1843,1828,1813,1798,1784,1770,1756,1742,1728,1723,1727,1731,1735,1739,1743,1753,1768,1784,1800,1816,1832,1848,-9,1883,1901,1919,-9,-9,-9,1969,-9,-9,-9,-9,-9,-9,-9,-9,-9,-9,-9,-9,-9,-9,-9,-9,-9,-9,-9,-9,-9,-9,-9,-9,-9
precipitation,33,-9,-9,-9,-9,-9,-9,-9,-9,-9,-9,-9,-9,-9,-9,-9,-9,-9,-9,-9,-9,-9,-9,-9,-9,-9,-9,-9,-9,-9,-9,1868,1872,1867,1855,1842,1829,1816,1803,1791,1779,1768,1756,1745,1733,1730,1734,1737,1741,1745,1749,1758,1772,1785,1799,1813,1827,-9,-9,-9,-9,-9,-9,-9,-9,-9,-9,-9,-9,-9,-9,-9,-9,-9,-9,-9,-9,-9,-9,-9,-9,-9,-9,-9,-9,-9,-9,-9,-9,-9,-9
precipitation,34,-9,-9,-9,-9,-9,-9,-9,-9,-9,-9,-9,-9,-9,-9,-9,-9,-9,-9,-9,-9,-9,-9,-9,-9,-9,-9,-9,-9,-9,-9,1846,1850,1847,1836,1825,1815,1804,1793,1783,1774,1766,1757,1747,1739,1736,1740,1744,1748,1752,1756,1764,1775,1787,1798,1810,-9,-9,-9,-9,-9,-9,-9,-9,-9,-9,-9,-9,-9,-9,-9,-9,-9,-9,-9,-9,-9,-9,-9,-9,-9,-9,-9,-9,-9,-9,-9,-9,-9,-9,-9
precipitation,35,-9,-9,-9,-9,-9,-9,-9,-9,-9,-9,-9,-9,-9,-9,-9,-9,-9,-9,-9,-9,-9,-9,-9,-9,-9,-9,-9,-9,1815,1819,1824,1828,1826,1818,1809,1801,1792,1784,1776,1770,1763,1757,1750,1744,1743,1747,1750,1755,1758,1762,1769,1778,1788,1797,1807,-9,-9,-9,-9,-9,-9,-9,-9,-9,-9,-9,-9,-9,-9,-9,-9,-9,-9,-9,-9,-9,-9,-9,-9,-9,-9,-9,-9,-9,-9,-9,-9,-9,-9,-9
precipitation,36,-9,-9,-9,-9,-9,-9,-9,-9,-9,-9,-9,-9,-9,-9,-9,-9,-9,-9,-9,-9,-9,-9,-9,-9,-9,-9,-9,-9,-9,-9,-9,1806,1806,1799,1793,1786,1780,1774,1769,1765,1761,1757,1753,1749,1749,1753,1757,1761,1765,1769,1775,1782,1789,1796,1803,-9,-9,-9,-9,-9,-9,-9,-9,-9,-9,-9,-9,-9,-9,-9,-9,-9,-9,-9,-9,-9,-9,-9,-9,-9,-9,-9,-9,-9,-9,-9,-9,-9,-9,-9
precipitation,37,-9,-9,-9,-9,-9,-9,-9,-9,-9,-9,-9,-9,-9,-9,-9,-9,-9,-9,-9,-9,-9,-9,-9,-9,-9,-9,-9,-9,-9,-9,-9,1784,1785,1781,1777,1772,1768,1764,1761,1760,1759,1757,1756,1755,1756,1760,1764,1768,1772,1776,1780,1785,1790,1795,-9,-9,-9,-9,-9,-9,-9,-9,-9,-9,-9,-9,-9,-9,-9,-9,-9,-9,-9,-9,-9,-9,-9,-9,-9,-9,-9,-9,-9,-9,-9,-9,-9,-9,-9,-9
precipitation,38,-9,-9,-9,-9,-9,-9,-9,-9,-9,-9,-9,-9,-9,-9,-9,-9,-9,-9,-9,-9,-9,-9,-9,-9,-9,-9,-9,-9,-9,-9,-9,-9,-9,-9,1771,1768,1765,1762,1761,1761,1761,1761,1761,1761,1763,1767,1771,1775,1778,1782,1786,1789,1792,1796,-9,-9,-9,-9,-9,-9,-9,-9,-9,-9,-9,-9,-9,-9,-9,-9,-9,-9,-9,-9,-9,-9,-9,-9,-9,-9,-9,-9,-9,-9,-9,-9,-9,-9,-9,-9
precipitation,39,-9,-9,-9,-9,-9,-9,-9,-9,-9,-9,-9,-9,-9,-9,-9,-9,-9,-9,-9,-9,-9,-9,-9,-9,-9,-9,-9,-9,-9,-9,-9,-9,-9,-9,1776,1774,1772,1769,1768,1768,1769,1769,1769,1770,1772,1775,1778,1782,1785,1789,1791,1793,-9,-9,-9,-9,-9,-9,-9,-9,-9,-9,-9,-9,-9,-9,-9,1969,-9,-9,-9,-9,-9,-9,-9,-9,-9,-9,-9,-9,-9,-9,-9,-9,-9,-9,-9,-9,-9,-9
precipitation,40,-9,-9,-9,-9,-9,-9,-9,-9,-9,-9,-9,-9,-9,-9,-9,-9,-9,-9,-9,-9,-9,-9,-9,-9,-9,-9,-9,-9,-9,-9,-9,-9,-9,-9,-9,1780,1778,1776,1775,1776,1776,1777,1777,1778,1780,1783,1786,1789,1792,1795,1797,-9,-9,-9,-9,-9,-9,-9,-9,-9,-9,-9,-9,-9,-9,-9,-9,-9,-9,-9,-9,-9,-9,-9,-9,-9,-9,-9,-9,-9,-9,-9,-9,-9,-9,-9,-9,-9,-9,-9
precipitation,41,-9,-9,-9,-9,-9,-9,-9,-9,-9,-9,-9,-9,-9,-9,-9,-9,-9,-9,-9,-9,-9,-9,-9,-9,-9,-9,-9,-9,-9,-9,-9,-9,-9,1788,1787,1785,1784,1782,1782,1783,1784,1785,1785,1786,1788,1791,1794,1797,1799,1802,-9,-9,-9,-9,-9,-9,-9,-9,-9,-9,-9,-9,-9,-9,-9,-9,-9,-9,-9,-9,-9,-9,-9,-9,-9,-9,-9,-9,-9,-9,-9,-9,-9,-9,-9,-9,-9,-9,-9,-9
precipitation,42,-9,-9,-9,-9,-9,-9,-9,-9,-9,-9,-9,-9,-9,-9,-9,-9,-9,-9,-9,-9,-9,-9,-9,-9,-9,-9,-9,-9,-9,-9,-9,-9,-9,1792,1792,1791,1790,1789,1789,1790,1791,1792,1793,1795,1796,1799,1801,-9,-9,-9,-9,-9,-9,-9,-9,-9,-9,-9,-9,-9,-9,-9,-9,-9,-9,-9,-9,-9,-9,-9,-9,-9,-9,-9,-9,-9,-9,-9,-9,-9,-9,-9,-9,-9,-9,-9,-9,-9,-9,-9
precipitation,43,-9,-9,-9,-9,-9,-9,-9,-9,-9,-9,-9,-9,-9,-9,-9,-9,-9,-9,-9,-9,-9,-9,-9,-9,-9,-9,-9,-9,-9,-9,-9,-9,-9,1797,1797,1796,1796,1796,1796,1797,1799,1800,1802,1803,1805,1807,1809,-9,-9,-9,-9,-9,-9,-9,-9,-9,-9,-9,-9,-9,-9,-9,-9,-9,-9,-9,-9,-9,-9,-9,-9,-9,-9,-9,-9,-9,-9,-9,-9,-9,-9,-9,-9,-9,-9,-9,-9,-9,-9,-9
precipitation,44,-9,-9,-9,-9,-9,-9,-9,-9,-9,-9,-9,-9,-9,-9,-9,-9,-9,-9,-9,-9,-9,-9,-9,-9,-9,-9,-9,-9,-9,-9,-9,1799,1805,1804,1804,1804,1803,1803,1804,1805,1807,1809,1810,1812,1813,1815,-9,-9,-9,-9,-9,-9,-9,-9,-9,-9,-9,-9,-9,-9,-9,-9,-9,-9,-9,-9,-9,-9,-9,-9,-9,-9,-9,-9,-9,-9,-9,-9,-9,-9,-9,-9,-9,-9,-9,-9,-9,-9,-9,-9
precipitation,45,-9,-9,-9,-9,-9,-9,-9,-9,-9,-9,-9,-9,-9,-9,-9,-9,-9,-9,-9,-9,-9,-9,-9,-9,1725,1744,1759,1769,1780,-9,1800,1810,1815,1814,1813,1813,1812,1811,1812,1814,1816,1818,1820,1822,1823,-9,-9,-9,-9,-9,-9,-9,-9,-9,-9,-9,-9,-9,-9,-9,-9,-9,-9,-9,-9,-9,-9,-9,-9,-9,-9,-9,-9,-9,-9,-9,-9,-9,-9,-9,-9,-9,-9,-9,-9,-9,-9,-9,-9,-9
precipitation,46,-9,-9,-9,-9,-9,-9,-9,-9,-9,-9,-9,-9,-9,-9,-9,-9,-9,-9,-9,-9,-9,-9,-9,-9,1742,1762,1776,1785,1794,1803,1812,1821,1825,1824,1823,1822,1820,1819,1820,1822,1825,1828,1830,1833,1833,-9,-9,-9,-9,-9,-9,-9,-9,-9,-9,-9,-9,-9,-9,-9,-9,-9,-9,-9,-9,-9,-9,-9,-9,-9,-9,-9,-9,-9,-9,-9,-9,-9,-9,-9,-9,-9,-9,-9,-9,-9,-9,-9,-9,-9
precipitation,47,-9,-9,-9,-9,-9,-9,-9,-9,-9,-9,-9,-9,-9,-9,-9,-9,-9,-9,-9,-9,-9,-9,-9,-9,1758,1780,1794,1802,1809,1817,1825,1832,1835,1833,1832,1830,1829,1827,1828,1831,1834,1837,1840,1843,1844,-9,-9,-9,-9,-9,-9,-9,-9,-9,-9,-9,-9,-9,-9,-9,-9,-9,-9,-9,-9,-9,-9,-9,-9,-9,-9,-9,-9,-9,-9,-9,-9,-9,-9,-9,-9,-9,-9,-9,-9,-9,-9,-9,-9,-9
precipitation,48,-9,-9,-9,-9,-9,-9,-9,-9,-9,-9,-9,-9,-9,-9,-9,-9,-9,-9,-9,-9,-9,-9,-9,1753,1775,1797,1811,1818,1824,1830,1837,1843,1845,1843,1841,1839,1837,1835,1836,1839,1843,1846,1850,1853,1854,-9,1850,-9,-9,-9,-9,-9,-9,-9,-9,-9,-9,-9,-9,-9,-9,-9,-9,-9,-9,-9,-9,-9,-9,-9,-9,-9,-9,-9,-9,-9,-9,-9,-9,-9,-9,-9,-9,-9,-9,-9,-9,-9,-9,-9
precipitation,49,-9,-9,-9,-9,-9,-9,-9,-9,-9,-9,-9,-9,-9,-9,-9,-9,-9,-9,-9,-9,-9,-9,1745,1769,1792,1815,1829,1834,1839,1844,1849,1854,1855,1853,1851,1848,1845,1843,1844,1848,1852,1856,1860,1863,1865,-9,-9,-9,-9,-9,-9,-9,-9,-9,-9,-9,-9,-9,-9,-9,-9,-9,-9,-9,-9,-9,-9,-9,-9,-9,-9,-9,-9,-9,-9,-9,-9,-9,-9,-9,-9,-9,-9,-9,-9,-9,-9,-9,-9,-9
precipitation,50,-9,-9,-9,-9,-9,-9,-9,-9,-9,-9,-9,-9,-9,-9,-9,-9,-9,-9,-9,-9,-9,-9,-9,-9,-9,1828,1842,1846,1850,1854,1859,1863,1864,1862,1860,1858,1856,1854,1855,1859,1864,1868,1873,1877,1879,-9,-9,-9,-9,-9,-9,-9,-9,-9,-9,-9,-9,-9,-9,-9,-9,-9,-9,-9,-9,-9,-9,-9,-9,-9,-9,-9,-9,-9,-9,-9,-9,-9,-9,-9,-9,-9,-9,-9,-9,-9,-9,-9,-9,-9
precipitation,51,-9,-9,-9,-9,-9,-9,-9,-9,-9,-9,-9,-9,-9,-9,-9,-9,-9,-9,-9,-9,-9,-9,-9,-9,-9,-9,1850,1854,1858,1862,1866,1870,1872,1871,1870,1869,1868,1867,1868,1874,1879,1884,1889,1894,-9,-9,-9,-9,-9,-9,-9,-9,-9,-9,-9,-9,-9,-9,-9,-9,-9,-9,-9,-9,-9,-9,-9,-9,-9,-9,-9,-9,-9,-9,-9,-9,-9,-9,-9,-9,-9,-9,-9,-9,-9,-9,-9,-9,-9,-9
precipitation,52,-9,-9,-9,-9,-9,-9,-9,-9,-9,-9,-9,-9,-9,-9,-9,-9,-9,-9,-9,-9,-9,-9,-9,-9,-9,-9,-9,-9,1865,1869,1873,1877,1879,1879,1879,1879,1880,1879,1882,1888,1894,1900,1905,-9,-9,-9,-9,-9,-9,-9,-9,-9,-9,-9,-9,-9,-9,-9,-9,-9,-9,-9,-9,-9,-9,-9,-9,-9,-9,-9,-9,-9,-9,-9,-9,-9,-9,-9,-9,-9,-9,-9,-9,-9,-9,-9,-9,-9,-9,-9
precipitation,53,-9,-9,-9,-9,-9,-9,-9,-9,-9,-9,-9,-9,-9,-9,-9,-9,-9,-9,-9,-9,-9,-9,-9,-9,-9,-9,-9,-9,-9,-9,1881,1885,1887,1888,1889,1890,1891,1892,1896,1903,1909,1915,1922,-9,-9,-9,-9,-9,-9,-9,-9,-9,-9,-9,-9,-9,-9,-9,-9,-9,-9,-9,-9,-9,-9,-9,-9,-9,-9,-9,-9,-9,-9,-9,-9,-9,-9,-9,-9,-9,-9,-9,-9,-9,-9,-9,-9,-9,-9,-9
precipitation,54,-9,-9,-9,-9,-9,-9,-9,-9,-9,-9,-9,-9,-9,-9,-9,-9,-9,-9,-9,-9,-9,-9,-9,-9,-9,-9,-9,-9,-9,-9,-9,1892,1895,1897,1899,1901,1903,1905,1910,1917,1924,1931,1938,1945,-9,-9,-9,-9,-9,-9,-9,-9,-9,-9,-9,-9,-9,-9,-9,-9,-9,-9,-9,-9,-9,-9,-9,-9,-9,-9,-9,-9,-9,-9,-9,-9,-9,-9,-9,-9,-9,-9,-9,-9,-9,-9,-9,-9,-9,-9
precipitation,55,-9,-9,-9,-9,-9,-9,-9,-9,-9,-9,-9,-9,-9,-9,-9,-9,-9,-9,-9,-9,-9,-9,-9,-9,-9,-9,-9,-9,-9,-9,-9,-9,-9,1905,1909,1912,1915,1918,1923,1931,1939,1947,1955,1962,1966,-9,-9,-9,-9,-9,-9,-9,-9,-9,-9,-9,-9,-9,-9,-9,-9,-9,-9,-9,-9,-9,-9,-9,-9,-9,-9,-9,-9,-9,-9,-9,-9,-9,-9,-9,-9,-9,-9,-9,-9,-9,-9,-9,-9,-9
precipitation,56,-9,-9,-9,-9,-9,-9,-9,-9,-9,-9,-9,-9,-9,-9,-9,-9,-9,-9,-9,-9,-9,-9,-9,-9,-9,-9,-9,-9,-9,-9,-9,-9,-9,-9,-9,-9,1928,1933,1939,1947,1955,1963,1972,1980,1985,-9,-9,-9,-9,-9,-9,-9,-9,-9,-9,-9,-9,-9,-9,-9,-9,-9,-9,-9,-9,-9,-9,-9,-9,-9,-9,-9,-9,-9,-9,-9,-9,-9,-9,-9,-9,-9,-9,-9,-9,-9,-9,-9,-9,-9
precipitation,57,-9,-9,-9,-9,-9,-9,-9,-9,-9,-9,-9,-9,-9,-9,-9,-9,-9,-9,-9,-9,-9,-9,-9,-9,-9,-9,-9,-9,-9,-9,-9,-9,-9,-9,-9,-9,-9,1949,1956,1964,1972,1981,1989,1997,2005,-9,-9,-9,-9,-9,-9,-9,-9,-9,-9,-9,-9,-9,-9,-9,-9,-9,-9,-9,-9,-9,-9,-9,-9,-9,-9,-9,-9,-9,-9,-9,-9,-9,-9,-9,-9,-9,-9,-9,-9,-9,-9,-9,-9,-9
precipitation,58,-9,-9,-9,-9,-9,-9,-9,-9,-9,-9,-9,-9,-9,-9,-9,-9,-9,-9,-9,-9,-9,-9,-9,-9,-9,-9,-9,-9,-9,-9,-9,-9,-9,-9,-9,-9,-9,1965,1973,1981,1989,1998,2007,2015,2024,2035,-9,-9,-9,-9,-9,-9,-9,-9,-9,-9,-9,-9,-9,-9,-9,-9,-9,-9,-9,-9,-9,-9,-9,-9,-9,-9,-9,-9,-9,-9,-9,-9,-9,-9,-9,-9,-9,-9,-9,-9,-9,-9,-9,-9
precipitation,59,-9,-9,-9,-9,-9,-9,-9,-9,-9,-9,-9,-9,-9,-9,-9,-9,-9,-9,-9,-9,-9,-9,-9,-9,-9,-9,-9,-9,-9,-9,-9,-9,-9,-9,-9,-9,1975,1982,1989,1998,2007,2016,2025,2033,2043,2055,2069,-9,-9,-9,-9,-9,-9,-9,-9,-9,-9,-9,-9,-9,-9,-9,-9,-9,-9,-9,-9,-9,-9,-9,-9,-9,-9,-9,-9,-9,-9,-9,-9,-9,-9,-9,-9,-9,-9,-9,-9,-9,-9,-9
precipitation,60,-9,-9,-9,-9,-9,-9,-9,-9,-9,-9,-9,-9,-9,-9,-9,-9,-9,-9,-9,-9,-9,-9,-9,-9,-9,-9,-9,-9,-9,-9,-9,-9,-9,-9,-9,-9,-9,1998,2006,2015,2024,2033,2042,2051,2061,2073,2086,2100,-9,-9,-9,-9,-9,-9,-9,-9,-9,-9,-9,-9,-9,-9,-9,-9,-9,-9,-9,-9,-9,-9,-9,-9,-9,-9,-9,-9,-9,-9,-9,-9,-9,-9,-9,-9,-9,-9,-9,-9,-9,-9
precipitation,61,-9,-9,-9,-9,-9,-9,-9,-9,-9,-9,-9,-9,-9,-9,-9,-9,-9,-9,-9,-9,-9,-9,-9,-9,-9,-9,-9,-9,-9,-9,-9,-9,-9,-9,-9,-9,-9,-9,2023,2032,2041,2051,2060,2069,2079,2090,2101,2112,2125,2137,-9,-9,-9,-9,-9,-9,-9,-9,-9,-9,-9,-9,-9,-9,-9,-9,-9,-9,-9,-9,-9,-9,-9,-9,-9,-9,-9,-9,-9,-9,-9,-9,-9,-9,-9,-9,-9,-9,-9,-9
precipitation,62,-9,-9,-9,-9,-9,-9,-9,-9,-9,-9,-9,-9,-9,-9,-9,-9,-9,-9,-9,-9,-9,-9,-9,-9,-9,-9,-9,-9,-9,-9,-9,-9,-9,-9,-9,-9,-9,-9,-9,2048,2057,2065,2074,2083,2093,2103,2113,2123,2133,2143,2148,-9,-9,-9,-9,-9,-9,-9,-9,-9,-9,-9,-9,-9,-9,-9,-9,-9,-9,-9,-9,-9,-9,-9,-9,-9,-9,-9,-9,-9,-9,-9,-9,-9,-9,-9,-9,-9,-9,-9
precipitation,63,-9,-9,-9,-9,-9,-9,-9,-9,-9,-9,-9,-9,-9,-9,-9,-9,-9,-9,-9,-9,-9,-9,-9,-9,-9,-9,-9,-9,-9,-9,-9,-9,-9,-9,-9,-9,-9,-9,-9,-9,-9,2078,2086,2094,2103,2112,2122,2132,2142,2152,2159,2162,2167,-9,-9,-9,-9,-9,-9,-9,-9,-9,-9,-9,-9,-9,-9,-9,-9,-9,-9,-9,-9,-9,-9,-9,-9,-9,-9,-9,-9,-9,-9,-9,-9,-9,-9,-9,-9,-9
precipitation,64,-9,-9,-9,-9,-9,-9,-9,-9,-9,-9,-9,-9,-9,-9,-9,-9,-9,-9,-9,-9,-9,-9,-9,-9,-9,-9,-9,-9,-9,-9,-9,-9,-9,-9,-9,-9,-9,-9,-9,-9,-9,-9,2097,2104,2112,2122,2132,2142,2152,2162,2169,2173,2179,-9,-9,-9,-9,-9,-9,-9,-9,-9,-9,-9,-9,-9,-9,-9,-9,-9,-9,-9,-9,-9,-9,-9,-9,-9,-9,-9,-9,-9,-9,-9,-9,-9,-9,-9,-9,-9
precipitation,65,-9,-9,-9,-9,-9,-9,-9,-9,-9,-9,-9,-9,-9,-9,-9,-9,-9,-9,-9,-9,-9,-9,-9,-9,-9,-9,-9,-9,-9,-9,-9,-9,-9,-9,-9,-9,-9,-9,-9,-9,-9,-9,-9,2114,2122,2132,2142,2152,2162,2172,2179,2184,2189,2196,-9,-9,-9,-9,-9,-9,-9,-9,-9,-9,-9,-9,-9,-9,-9,-9,-9,-9,-9,-9,-9,-9,-9,-9,-9,-9,-9,-9,-9,-9,-9,-9,-9,-9,-9,-9
precipitation,66,-9,-9,-9,-9,-9,-9,-9,-9,-9,-9,-9,-9,-9,-9,-9,-9,-9,-9,-9,-9,-9,-9,-9,-9,-9,-9,-9,-9,-9,-9,-9,-9,-9,-9,-9,-9,-9,-9,-9,-9,-9,-9,-9,2125,2132,2142,2152,2162,2172,2181,2189,2193,2198,-9,-9,-9,-9,-9,-9,-9,-9,-9,-9,-9,-9,-9,-9,-9,-9,-9,-9,-9,-9,-9,-9,-9,-9,-9,-9,-9,-9,-9,-9,-9,-9,-9,-9,-9,-9,-9
precipitation,67,-9,-9,-9,-9,-9,-9,-9,-9,-9,-9,-9,-9,-9,-9,-9,-9,-9,-9,-9,-9,-9,-9,-9,-9,-9,-9,-9,-9,-9,-9,-9,-9,-9,-9,-9,-9,-9,-9,-9,-9,-9,-9,-9,2135,2142,2152,2161,2171,2181,2191,2198,2202,2206,-9,-9,-9,-9,-9,-9,-9,-9,-9,-9,-9,-9,-9,-9,-9,-9,-9,-9,-9,-9,-9,-9,-9,-9,-9,-9,-9,-9,-9,-9,-9,-9,-9,-9,-9,-9,-9
precipitation,68,-9,-9,-9,-9,-9,-9,-9,-9,-9,-9,-9,-9,-9,-9,-9,-9,-9,-9,-9,-9,-9,-9,-9,-9,-9,-9,-9,-9,-9,-9,-9,-9,-9,-9,-9,-9,-9,-9,-9,-9,-9,-9,-9,-9,2146,2156,2167,2177,2188,2198,2205,2210,2214,2218,-9,-9,-9,-9,-9,-9,-9,-9,-9,-9,-9,-9,-9,-9,-9,-9,-9,-9,-9,-9,-9,-9,-9,-9,-9,-9,-9,-9,-9,-9,-9,-9,-9,-9,-9,-9
precipitation,69,-9,-9,-9,-9,-9,-9,-9,-9,-9,-9,-9,-9,-9,-9,-9,-9,-9,-9,-9,-9,-9,-9,-9,-9,-9,-9,-9,-9,-9,-9,-9,-9,-9,-9,-9,-9,-9,-9,-9,-9,-9,-9,-9,-9,-9,2156,2167,2179,2190,2201,2210,2217,2224,2231,-9,-9,-9,-9,-9,-9,-9,-9,-9,-9,-9,-9,-9,-9,-9,-9,-9,-9,-9,-9,-9,-9,-9,-9,-9,-9,-9,-9,-9,-9,-9,-9,-9,-9,-9,-9
precipitation,70,-9,-9,-9,-9,-9,-9,-9,-9,-9,-9,-9,-9,-9,-9,-9,-9,-9,-9,-9,-9,-9,-9,-9,-9,-9,-9,-9,-9,-9,-9,-9,-9,-9,-9,-9,-9,-9,-9,-9,-9,-9,-9,-9,-9,-9,-9,2168,2180,2192,2204,2215,2225,2234,2244,2253,-9,-9,-9,-9,-9,-9,-9,-9,-9,-9,-9,-9,-9,-9,-9,-9,-9,-9,-9,-9,-9,-9,-9,-9,-9,-9,-9,-9,-9,-9,-9,-9,-9,-9,-9
precipitation,71,-9,-9,-9,-9,-9,-9,-9,-9,-9,-9,-9,-9,-9,-9,-9,-9,-9,-9,-9,-9,-9,-9,-9,-9,-9,-9,-9,-9,-9,-9,-9,-9,-9,-9,-9,-9,-9,-9,-9,-9,-9,-9,-9,-9,-9,-9,-9,2181,2194,2207,2220,2232,2244,2256,2269,2281,-9,-9,-9,-9,-9,-9,-9,-9,-9,-9,-9,-9,-9,-9,-9,-9,-9,-9,-9,-9,-9,-9,-9,-9,-9,-9,-9,-9,-9,-9,-9,-9,-9,-9
precipitation,72,-9,-9,-9,-9,-9,-9,-9,-9,-9,-9,-9,-9,-9,-9,-9,-9,-9,-9,-9,-9,-9,-9,-9,-9,-9,-9,-9,-9,-9,-9,-9,-9,-9,-9,-9,-9,-9,-9,-9,-9,-9,-9,-9,-9,-9,-9,-9,-9,2197,2211,2225,2240,2254,2269,2284,2299,2307,-9,-9,-9,-9,-9,-9,-9,-9,-9,-9,-9,-9,-9,-9,-9,-9,-9,-9,-9,-9,-9,-9,-9,-9,-9,-9,-9,-9,-9,-9,-9,-9,-9
precipitation,73,-9,-9,-9,-9,-9,-9,-9,-9,-9,-9,-9,-9,-9,-9,-9,-9,-9,-9,-9,-9,-9,-9,-9,-9,-9,-9,-9,-9,-9,-9,-9,-9,-9,-9,-9,-9,-9,-9,-9,-9,-9,-9,-9,-9,-9,-9,-9,-9,-9,2214,2230,2247,2265,2282,2299,2316,2325,2325,-9,-9,-9,-9,-9,-9,-9,-9,-9,-9,-9,-9,-9,-9,-9,-9,-9,-9,-9,-9,-9,-9,-9,-9,-9,-9,-9,-9,-9,-9,-9,-9
precipitation,74,-9,-9,-9,-9,-9,-9,-9,-9,-9,-9,-9,-9,-9,-9,-9,-9,-9,-9,-9,-9,-9,-9,-9,-9,-9,-9,-9,-9,-9,-9,-9,-9,-9,-9,-9,-9,-9,-9,-9,-9,-9,-9,-9,-9,-9,-9,-9,-9,-9,-9,-9,2251,2271,2290,2310,2329,2339,2340,2340,-9,-9,-9,-9,-9,-9,-9,-9,-9,-9,-9,-9,-9,-9,-9,-9,-9,-9,-9,-9,-9,-9,-9,-9,-9,-9,-9,-9,-9,-9,-9
precipitation,75,-9,-9,-9,-9,-9,-9,-9,-9,-9,-9,-9,-9,-9,-9,-9,-9,-9,-9,-9,-9,-9,-9,-9,-9,-9,-9,-9,-9,-9,-9,-9,-9,-9,-9,-9,-9,-9,-9,-9,-9,-9,-9,-9,-9,-9,-9,-9,-9,-9,-9,-9,2251,2273,2294,2316,2337,2350,2354,2358,2362,2367,-9,-9,2378,-9,-9,-9,-9,-9,-9,-9,-9,-9,-9,-9,-9,-9,-9,-9,-9,-9,-9,-9,-9,-9,-9,-9,-9,-9,-9
precipitation,76,-9,-9,-9,-9,-9,-9,-9,-9,-9,-9,-9,-9,-9,-9,-9,-9,-9,-9,-9,-9,-9,-9,-9,-9,-9,-9,-9,-9,-9,-9,-9,-9,-9,-9,-9,-9,-9,-9,-9,-9,-9,-9,-9,-9,-9,-9,-9,-9,-9,-9,-9,-9,2275,2298,2321,2345,2360,2368,2376,2384,2391,-9,-9,-9,-9,-9,-9,-9,-9,-9,-9,-9,-9,-9,-9,-9,-9,-9,-9,-9,-9,-9,-9,-9,-9,-9,-9,-9,-9,-9
precipitation,77,-9,-9,-9,-9,-9,-9,-9,-9,-9,-9,-9,-9,-9,-9,-9,-9,-9,-9,-9,-9,-9,-9,-9,-9,-9,-9,-9,-9,-9,-9,-9,-9,-9,-9,-9,-9,-9,-9,-9,-9,-9,-9,-9,-9,-9,-9,-9,-9,-9,-9,-9,-9,-9,2302,2327,2353,2371,2382,2394,2405,2416,2428,-9,-9,-9,-9,-9,-9,-9,-9,-9,-9,-9,-9,-9,-9,-9,-9,-9,-9,-9,-9,-9,-9,-9,-9,-9,-9,-9,-9
precipitation,78,-9,-9,-9,-9,-9,-9,-9,-9,-9,-9,-9,-9,-9,-9,-9,-9,-9,-9,-9,-9,-9,-9,-9,-9,-9,-9,-9,-9,-9,-9,-9,-9,-9,-9,-9,-9,-9,-9,-9,-9,-9,-9,-9,-9,-9,-9,-9,-9,-9,-9,-9,-9,-9,-9,2333,2360,2381,2396,2411,2426,2441,2456,2462,-9,-9,-9,-9,-9,-9,-9,-9,-9,-9,-9,-9,-9,-9,-9,-9,-9,-9,-9,-9,-9,-9,-9,-9,-9,-9,-9
precipitation,79,-9,-9,-9,-9,-9,-9,-9,-9,-9,-9,-9,-9,-9,-9,-9,-9,-9,-9,-9,-9,-9,-9,-9,-9,-9,-9,-9,-9,-9,-9,-9,-9,-9,-9,-9,-9,-9,-9,-9,-9,-9,-9,-9,-9,-9,-9,-9,-9,-9,-9,-9,-9,-9,-9,2339,2368,2392,2410,2429,2448,2466,2485,2490,2481,-9,-9,-9,-9,-9,-9,-9,-9,-9,-9,-9,-9,-9,-9,-9,-9,-9,-9,-9,-9,-9,-9,-9,-9,-9,-9
precipitation,80,-9,-9,-9,-9,-9,-9,-9,-9,-9,-9,-9,-9,-9,-9,-9,-9,-9,-9,-9,-9,-9,-9,-9,-9,-9,-9,-9,-9,-9,-9,-9,-9,-9,-9,-9,-9,-9,-9,-9,-9,-9,-9,-9,-9,-9,-9,-9,-9,-9,-9,-9,-9,-9,-9,2341,2372,2398,2418,2439,2460,2480,2500,2505,2493,2481,-9,-9,-9,-9,-9,-9,-9,-9,-9,-9,-9,-9,-9,-9,-9,-9,-9,-9,-9,-9,-9,-9,-9,-9,-9
precipitation,81,-9,-9,-9,-9,-9,-9,-9,-9,-9,-9,-9,-9,-9,-9,-9,-9,-9,-9,-9,-9,-9,-9,-9,-9,-9,-9,-9,-9,-9,-9,-9,-9,-9,-9,-9,-9,-9,-9,-9,-9,-9,-9,-9,-9,-9,-9,-9,-9,-9,-9,-9,-9,-9,-9,2339,2372,2399,2420,2441,2462,2483,2504,2508,2495,2483,2470,2458,-9,-9,-9,-9,-9,-9,-9,-9,-9,-9,-9,-9,-9,-9,-9,-9,-9,-9,-9,-9,-9,-9,-9
precipitation,82,-9,-9,-9,-9,-9,-9,-9,-9,-9,-9,-9,-9,-9,-9,-9,-9,-9,-9,-9,-9,-9,-9,-9,-9,-9,-9,-9,-9,-9,-9,-9,-9,-9,-9,-9,-9,-9,-9,-9,-9,-9,-9,-9,-9,-9,-9,-9,-9,-9,-9,-9,-9,-9,-9,-9,2373,2401,2422,2444,2465,2486,2507,2511,2498,2485,2471,2458,2445,-9,-9,-9,-9,-9,-9,-9,-9,-9,-9,-9,-9,-9,-9,-9,-9,-9,-9,-9,-9,-9,-9
precipitation,83,-9,-9,-9,-9,-9,-9,-9,-9,-9,-9,-9,-9,-9,-9,-9,-9,-9,-9,-9,-9,-9,-9,-9,-9,-9,-9,-9,-9,-9,-9,-9,-9,-9,-9,-9,-9,-9,-9,-9,-9,-9,-9,-9,-9,-9,-9,-9,-9,-9,-9,-9,-9,-9,-9,-9,2373,-9,-9,2446,2468,2489,2511,2515,2501,2486,2472,2458,2444,2425,-9,-9,-9,-9,-9,-9,-9,-9,-9,-9,-9,-9,-9,-9,-9,-9,-9,-9,-9,-9,-9
precipitation,84,-9,-9,-9,-9,-9,-9,-9,-9,-9,-9,-9,-9,-9,-9,-9,-9,-9,-9,-9,-9,-9,-9,-9,-9,-9,-9,-9,-9,-9,-9,-9,-9,-9,-9,-9,-9,-9,-9,-9,-9,-9,-9,-9,-9,-9,-9,-9,-9,-9,-9,-9,-9,-9,-9,-9,-9,-9,-9,2448,2470,2492,2514,2518,2503,2488,2473,2458,2444,2421,2390,2355,2317,-9,-9,-9,-9,-9,-9,-9,-9,-9,-9,-9,-9,-9,-9,-9,-9,-9,-9
precipitation,85,-9,-9,-9,-9,-9,-9,-9,-9,-9,-9,-9,-9,-9,-9,-9,-9,-9,-9,-9,-9,-9,-9,-9,-9,-9,-9,-9,-9,-9,-9,-9,-9,-9,-9,-9,-9,-9,-9,-9,-9,-9,-9,-9,-9,-9,-9,-9,-9,-9,-9,-9,-9,-9,-9,-9,-9,-9,-9,-9,-9,2495,2518,2521,2506,2490,2474,2459,2443,2418,2381,2344,2305,-9,-9,-9,-9,-9,-9,-9,-9,-9,-9,-9,-9,-9,-9,-9,-9,-9,-9
precipitation,86,-9,-9,-9,-9,-9,-9,-9,-9,-9,-9,-9,-9,-9,-9,-9,-9,-9,-9,-9,-9,-9,-9,-9,-9,-9,-9,-9,-9,-9,-9,-9,-9,-9,-9,-9,-9,-9,-9,-9,-9,-9,-9,-9,-9,-9,-9,-9,-9,-9,-9,-9,-9,-9,-9,-9,-9,-9,-9,-9,-9,-9,2510,2513,2497,2481,2465,2449,2433,2407,2370,2334,2297,2260,2223,-9,-9,-9,-9,-9,-9,-9,-9,-9,-9,-9,-9,-9,-9,-9,-9
precipitation,87,-9,-9,-9,-9,-9,-9,-9,-9,-9,-9,-9,-9,-9,-9,-9,-9,-9,-9,-9,-9,-9,-9,-9,-9,-9,-9,-9,-9,-9,-9,-9,-9,-9,-9,-9,-9,-9,-9,-9,-9,-9,-9,-9,-9,-9,-9,-9,-9,-9,-9,-9,-9,-9,-9,-9,-9,-9,-9,-9,-9,-9,-9,2493,2477,2461,2446,2430,2414,2390,2356,2323,2290,2257,2224,2208,-9,-9,-9,-9,-9,-9,-9,-9,-9,-9,-9,-9,-9,-9,-9
precipitation,88,-9,-9,-9,-9,-9,-9,-9,-9,-9,-9,-9,-9,-9,-9,-9,-9,-9,-9,-9,-9,-9,-9,-9,-9,-9,-9,-9,-9,-9,-9,-9,-9,-9,-9,-9,-9,-9,-9,-9,-9,-9,-9,-9,-9,-9,-9,-9,-9,-9,-9,-9,-9,-9,-9,-9,-9,-9,-9,-9,-9,-9,-9,-9,-9,2441,2426,2410,2394,2372,2343,2313,2284,2255,2225,2211,-9,-9,-9,-9,-9,-9,-9,-9,-9,-9,-9,-9,-9,-9,-9
precipitation,89,-9,-9,-9,-9,-9,-9,-9,-9,-9,-9,-9,-9,-9,-9,-9,-9,-9,-9,-9,-9,-9,-9,-9,-9,-9,-9,-9,-9,-9,-9,-9,-9,-9,-9,-9,-9,-9,-9,-9,-9,-9,-9,-9,-9,-9,-9,-9,-9,-9,-9,-9,-9,-9,-9,-9,-9,-9,-9,-9,-9,-9,-9,-9,-9,2421,2406,2390,2375,2355,2329,2303,2278,2252,2226,2214,-9,2220,2223,-9,-9,-9,-9,-9,-9,-9,-9,-9,-9,-9,-9
precipitation,90,-9,-9,-9,-9,-9,-9,-9,-9,-9,-9,-9,-9,-9,-9,-9,-9,-9,-9,-9,-9,-9,-9,-9,-9,-9,-9,-9,-9,-9,-9,-9,-9,-9,-9,-9,-9,-9,-9,-9,-9,-9,-9,-9,-9,-9,-9,-9,-9,-9,-9,-9,-9,-9,-9,-9,-9,-9,-9,-9,-9,-9,-9,-9,2417,2402,2386,2371,2356,2337,2315,2293,2271,2249,2227,2217,2220,-9,2226,-9,-9,-9,-9,-9,-9,-9,-9,-9,-9,-9,-9
precipitation,91,-9,-9,-9,-9,-9,-9,-9,-9,-9,-9,-9,-9,-9,-9,-9,-9,-9,-9,-9,-9,-9,-9,-9,-9,-9,-9,-9,-9,-9,-9,-9,-9,-9,-9,-9,-9,-9,-9,-9,-9,-9,-9,-9,-9,-9,-9,-9,-9,-9,-9,-9,-9,-9,-9,-9,-9,-9,-9,-9,-9,-9,-9,2412,2397,2382,2367,2352,2336,2319,2301,2283,2265,2246,2228,2220,2223,2226,-9,-9,-9,-9,-9,-9,-9,-9,-9,-9,-9,-9,-9
precipitation,92,-9,-9,-9,-9,-9,-9,-9,-9,-9,-9,-9,-9,-9,-9,-9,-9,-9,-9,-9,-9,-9,-9,-9,-9,-9,-9,-9,-9,-9,-9,-9,-9,-9,-9,-9,-9,-9,-9,-9,-9,-9,-9,-9,-9,-9,-9,-9,-9,-9,-9,-9,-9,-9,-9,-9,-9,-9,-9,-9,-9,-9,-9,2394,2380,2366,2352,2338,2324,2309,2294,2279,2264,2248,2233,2227,2229,2232,-9,-9,-9,-9,-9,-9,-9,-9,-9,-9,-9,-9,-9
precipitation,93,-9,-9,-9,-9,-9,-9,-9,-9,-9,-9,-9,-9,-9,-9,-9,-9,-9,-9,-9,-9,-9,-9,-9,-9,-9,-9,-9,-9,-9,-9,-9,-9,-9,-9,-9,-9,-9,-9,-9,-9,-9,-9,-9,-9,-9,-9,-9,-9,-9,-9,-9,-9,-9,-9,-9,-9,-9,-9,-9,-9,-9,-9,-9,2367,2355,2343,2331,2318,2306,2293,2281,2268,2255,2243,2238,2240,2243,2245,-9,-9,-9,-9,-9,-9,-9,-9,-9,-9,-9,-9
precipitation,94,-9,-9,-9,-9,-9,-9,-9,-9,-9,-9,-9,-9,-9,-9,-9,-9,-9,-9,-9,-9,-9,-9,-9,-9,-9,-9,-9,-9,-9,-9,-9,-9,-9,-9,-9,-9,-9,-9,-9,-9,-9,-9,-9,-9,-9,-9,-9,-9,-9,-9,-9,-9,-9,-9,-9,-9,-9,-9,-9,-9,-9,-9,-9,2354,2344,2333,2323,2313,2303,2293,2282,2272,2262,2252,2248,2251,2253,2256,2258,-9,-9,-9,-9,-9,-9,-9,-9,-9,-9,-9
precipitation,95,-9,-9,-9,-9,-9,-9,-9,-9,-9,-9,-9,-9,-9,-9,-9,-9,-9,-9,-9,-9,-9,-9,-9,-9,-9,-9,-9,-9,-9,-9,-9,-9,-9,-9,-9,-9,-9,-9,-9,-9,-9,-9,-9,-9,-9,-9,-9,-9,-9,-9,-9,-9,-9,-9,-9,-9,-9,-9,-9,-9,-9,-9,-9,-9,-9,2324,2316,2307,2299,2292,2284,2277,2269,2261,2259,2261,2264,2266,2269,2271,-9,-9,-9,-9,-9,-9,-9,-9,-9,-9
precipitation,96,-9,-9,-9,-9,-9,-9,-9,-9,-9,-9,-9,-9,-9,-9,-9,-9,-9,-9,-9,-9,-9,-9,-9,-9,-9,-9,-9,-9,-9,-9,-9,-9,-9,-9,-9,-9,-9,-9,-9,-9,-9,-9,-9,-9,-9,-9,-9,-9,-9,-9,-9,-9,-9,-9,-9,-9,-9,-9,-9,-9,-9,-9,-9,-9,-9,-9,2308,2302,2296,2291,2286,2281,2276,2271,2270,2272,2274,2277,2279,2282,2282,2281,-9,-9,2276,-9,-9,-9,-9,-9
precipitation,97,-9,-9,-9,-9,-9,-9,-9,-9,-9,-9,-9,-9,-9,-9,-9,-9,-9,-9,-9,-9,-9,-9,-9,-9,-9,-9,-9,-9,-9,-9,-9,-9,-9,-9,-9,-9,-9,-9,-9,-9,-9,-9,-9,-9,-9,-9,-9,-9,-9,-9,-9,-9,-9,-9,-9,-9,-9,-9,-9,-9,-9,-9,-9,-9,-9,-9,-9,2296,2293,2290,2288,2285,2283,2280,2280,2283,2285,2287,2290,2292,2292,2289,-9,-9,-9,-9,-9,-9,-9,-9
precipitation,98,-9,-9,-9,-9,-9,-9,-9,-9,-9,-9,-9,-9,-9,-9,-9,-9,-9,-9,-9,-9,-9,-9,-9,-9,-9,-9,-9,-9,-9,-9,-9,-9,-9,-9,-9,-9,-9,-9,-9,-9,-9,-9,-9,-9,-9,-9,-9,-9,-9,-9,-9,-9,-9,-9,-9,-9,-9,-9,-9,-9,-9,-9,-9,-9,-9,-9,-9,2289,2287,2286,2285,2284,2284,2283,2283,2285,2286,2288,2290,2292,2290,2285,2280,-9,-9,-9,-9,-9,-9,-9
precipitation,99,-9,-9,-9,-9,-9,-9,-9,-9,-9,-9,-9,-9,-9,-9,-9,-9,-9,-9,-9,-9,-9,-9,-9,-9,-9,-9,-9,-9,-9,-9,-9,-9,-9,-9,-9,-9,-9,-9,-9,-9,-9,-9,-9,-9,-9,-9,-9,-9,-9,-9,-9,-9,-9,-9,-9,-9,-9,-9,-9,-9,-9,-9,-9,-9,-9,-9,-9,2281,2280,2279,2279,2279,2278,2278,2278,2278,2279,2279,2280,2280,2277,2271,-9,-9,-9,-9,-9,-9,-9,-9
precipitation,100,-9,-9,-9,-9,-9,-9,-9,-9,-9,-9,-9,-9,-9,-9,-9,-9,-9,-9,-9,-9,-9,-9,-9,-9,-9,-9,-9,-9,-9,-9,-9,-9,-9,-9,-9,-9,-9,-9,-9,-9,-9,-9,-9,-9,-9,-9,-9,-9,-9,-9,-9,-9,-9,-9,-9,-9,-9,-9,-9,-9,-9,-9,-9,-9,-9,-9,2274,2273,2272,2272,2273,2273,2273,2273,2273,2272,2271,2271,2270,2269,2265,2257,2250,-9,-9,-9,-9,-9,-9,-9
precipitation,101,-9,-9,-9,-9,-9,-9,-9,-9,-9,-9,-9,-9,-9,-9,-9,-9,-9,-9,-9,-9,-9,-9,-9,-9,-9,-9,-9,-9,-9,-9,-9,-9,-9,-9,-9,-9,-9,-9,-9,-9,-9,-9,-9,-9,-9,-9,-9,-9,-9,-9,-9,-9,-9,-9,-9,-9,-9,-9,-9,-9,-9,-9,-9,-9,-9,2266,2265,2264,2264,2265,2266,2267,2268,2269,2268,2266,2264,2262,2260,2257,2252,2243,2234,-9,-9,-9,-9,-9,-9,-9
precipitation,102,-9,-9,-9,-9,-9,-9,-9,-9,-9,-9,-9,-9,-9,-9,-9,-9,-9,-9,-9,-9,-9,-9,-9,-9,-9,-9,-9,-9,-9,-9,-9,-9,-9,-9,-9,-9,-9,-9,-9,-9,-9,-9,-9,-9,-9,-9,-9,-9,-9,-9,-9,-9,-9,-9,-9,-9,-9,-9,-9,-9,-9,-9,-9,-9,-9,-9,2256,2256,2257,2258,2260,2261,2263,2264,2263,2260,2256,2253,2250,2246,2239,2229,2219,-9,-9,-9,-9,-9,-9,-9
precipitation,103,-9,-9,-9,-9,-9,-9,-9,-9,-9,-9,-9,-9,-9,-9,-9,-9,-9,-9,-9,-9,-9,-9,-9,-9,-9,-9,-9,-9,-9,-9,-9,-9,-9,-9,-9,-9,-9,-9,-9,-9,-9,-9,-9,-9,-9,-9,-9,-9,-9,-9,-9,-9,-9,-9,-9,-9,-9,-9,-9,-9,-9,-9,-9,-9,-9,2246,2247,2248,2249,2251,2253,2255,2258,2260,2258,2254,2249,2244,2240,2235,2227,2215,2204,2193,-9,-9,-9,-9,-9,-9
precipitation,104,-9,-9,-9,-9,-9,-9,-9,-9,-9,-9,-9,-9,-9,-9,-9,-9,-9,-9,-9,-9,-9,-9,-9,-9,-9,-9,-9,-9,-9,-9,-9,-9,-9,-9,-9,-9,-9,-9,-9,-9,-9,-9,-9,-9,-9,-9,-9,-9,-9,-9,-9,-9,-9,-9,-9,-9,-9,-9,-9,-9,-9,-9,-9,-9,-9,-9,2237,2239,2240,2242,2244,2246,2248,2249,2247,2240,2234,2227,2221,2214,2205,2192,2180,2167,-9,-9,-9,-9,-9,-9
precipitation,105,-9,-9,-9,-9,-9,-9,-9,-9,-9,-9,-9,-9,-9,-9,-9,-9,-9,-9,-9,-9,-9,-9,-9,-9,-9,-9,-9,-9,-9,-9,-9,-9,-9,-9,-9,-9,-9,-9,-9,-9,-9,-9,-9,-9,-9,-9,-9,-9,-9,-9,-9,-9,-9,-9,-9,-9,-9,-9,-9,-9,-9,-9,-9,-9,-9,-9,2226,2228,2230,2230,2231,2232,2232,2233,2229,2221,2211,2202,2193,2184,2173,2160,2146,2133,-9,-9,-9,-9,-9,-9
precipitation,106,-9,-9,-9,-9,-9,-9,-9,-9,-9,-9,-9,-9,-9,-9,-9,-9,-9,-9,-9,-9,-9,-9,-9,-9,-9,-9,-9,-9,-9,-9,-9,-9,-9,-9,-9,-9,-9,-9,-9,-9,-9,-9,-9,-9,-9,-9,-9,-9,-9,-9,-9,-9,-9,-9,-9,-9,-9,-9,-9,-9,-9,-9,-9,-9,-9,2213,2215,2218,2219,2219,2218,2218,2218,2217,2212,2200,2189,2177,2166,2154,2142,2127,2113,2098,-9,-9,-9,-9,-9,-9
precipitation,107,-9,-9,-9,-9,-9,-9,-9,-9,-9,-9,-9,-9,-9,-9,-9,-9,-9,-9,-9,-9,-9,-9,-9,-9,-9,-9,-9,-9,-9,-9,-9,-9,-9,-9,-9,-9,-9,-9,-9,-9,-9,-9,-9,-9,-9,-9,-9,-9,-9,-9,-9,-9,-9,-9,-9,-9,-9,-9,-9,-9,-9,-9,-9,-9,-9,2201,2205,2208,2209,2207,2206,2204,2203,2202,2194,2180,2166,2152,2138,2125,2110,2095,2079,2064,2048,-9,-9,-9,-9,-9
precipitation,108,-9,-9,-9,-9,-9,-9,-9,-9,-9,-9,-9,-9,-9,-9,-9,-9,-9,-9,-9,-9,-9,-9,-9,-9,-9,-9,-9,-9,-9,-9,-9,-9,-9,-9,-9,-9,-9,-9,-9,-9,-9,-9,-9,-9,-9,-9,-9,-9,-9,-9,-9,-9,-9,-9,-9,-9,-9,-9,-9,-9,-9,-9,-9,-9,2186,2190,2194,2197,2198,2196,2193,2191,2188,2186,2177,2160,2144,2127,2111,2094,2078,2062,2045,2029,2013,-9,-9,-9,-9,-9
precipitation,109,-9,-9,-9,-9,-9,-9,-9,-9,-9,-9,-9,-9,-9,-9,-9,-9,-9,-9,-9,-9,-9,-9,-9,-9,-9,-9,-9,-9,-9,-9,-9,-9,-9,-9,-9,-9,-9,-9,-9,-9,-9,-9,-9,-9,-9,-9,-9,-9,-9,-9,-9,-9,-9,-9,-9,-9,-9,-9,-9,-9,-9,-9,-9,-9,2174,2179,2183,2187,2187,2184,2180,2177,2173,2170,2159,2140,2121,2102,2084,2065,2047,2029,2012,1995,1978,1960,-9,-9,-9,-9
precipitation,110,-9,-9,-9,-9,-9,-9,-9,-9,-9,-9,-9,-9,-9,-9,-9,-9,-9,-9,-9,-9,-9,-9,-9,-9,-9,-9,-9,-9,-9,-9,-9,-9,-9,-9,-9,-9,-9,-9,-9,-9,-9,-9,-9,-9,-9,-9,-9,-9,-9,-9,-9,-9,-9,-9,-9,-9,-9,-9,-9,-9,-9,-9,-9,-9,2159,2163,2167,2172,2172,2167,2163,2158,2153,2149,2136,2116,2096,2075,2055,2034,2015,1998,1980,1962,1944,1927,-9,-9,-9,-9
precipitation,111,-9,-9,-9,-9,-9,-9,-9,-9,-9,-9,-9,-9,-9,-9,-9,-9,-9,-9,-9,-9,-9,-9,-9,-9,-9,-9,-9,-9,-9,-9,-9,-9,-9,-9,-9,-9,-9,-9,-9,-9,-9,-9,-9,-9,-9,-9,-9,-9,-9,-9,-9,-9,-9,-9,-9,-9,-9,-9,-9,-9,-9,-9,-9,2136,2140,2143,2147,2151,2150,2145,2139,2134,2128,2123,2109,2088,2067,2046,2025,2004,1984,1966,1949,1931,1914,1896,-9,-9,-9,-9
precipitation,112,-9,-9,-9,-9,-9,-9,-9,-9,-9,-9,-9,-9,-9,-9,-9,-9,-9,-9,-9,-9,-9,-9,-9,-9,-9,-9,-9,-9,-9,-9,-9,-9,-9,-9,-9,-9,-9,-9,-9,-9,-9,-9,-9,-9,-9,-9,-9,-9,-9,-9,-9,-9,-9,-9,-9,-9,-9,-9,-9,-9,-9,-9,-9,2118,2121,2124,2127,2130,2129,2122,2116,2110,2103,2097,2083,2061,2038,2017,1995,1973,1953,1936,1918,1900,1883,1865,-9,-9,-9,-9
precipitation,113,-9,-9,-9,-9,-9,-9,-9,-9,-9,-9,-9,-9,-9,-9,-9,-9,-9,-9,-9,-9,-9,-9,-9,-9,-9,-9,-9,-9,-9,-9,-9,-9,-9,-9,-9,-9,-9,-9,-9,-9,-9,-9,-9,-9,-9,-9,-9,-9,-9,-9,-9,-9,-9,-9,-9,-9,-9,-9,-9,-9,-9,-9,-9,-9,2102,2105,2107,2110,2107,2100,2093,2085,2078,2071,2056,2033,2010,1987,1965,1942,1922,1904,1887,1869,1852,1834,1825,-9,-9,-9
precipitation,114,-9,-9,-9,-9,-9,-9,-9,-9,-9,-9,-9,-9,-9,-9,-9,-9,-9,-9,-9,-9,-9,-9,-9,-9,-9,-9,-9,-9,-9,-9,-9,-9,-9,-9,-9,-9,-9,-9,-9,-9,-9,-9,-9,-9,-9,-9,-9,-9,-9,-9,-9,-9,-9,-9,-9,-9,-9,-9,-9,-9,-9,-9,-9,-9,-9,2085,2087,2089,2086,2078,2069,2061,2053,2045,2029,2005,1982,1958,1935,1911,1891,1873,1856,1838,1821,1803,1795,-9,-9,-9
precipitation,115,-9,-9,-9,-9,-9,-9,-9,-9,-9,-9,-9,-9,-9,-9,-9,-9,-9,-9,-9,-9,-9,-9,-9,-9,-9,-9,-9,-9,-9,-9,-9,-9,-9,-9,-9,-9,-9,-9,-9,-9,-9,-9,-9,-9,-9,-9,-9,-9,-9,-9,-9,-9,-9,-9,-9,-9,-9,-9,-9,-9,-9,-9,-9,-9,-9,2066,2067,2069,2065,2055,2046,2037,2028,2018,2002,1978,1953,1929,1905,1881,1860,1842,1825,1807,1790,1773,1764,-9,-9,-9
precipitation,116,-9,-9,-9,-9,-9,-9,-9,-9,-9,-9,-9,-9,-9,-9,-9,-9,-9,-9,-9,-9,-9,-9,-9,-9,-9,-9,-9,-9,-9,-9,-9,-9,-9,-9,-9,-9,-9,-9,-9,-9,-9,-9,-9,-9,-9,-9,-9,-9,-9,-9,-9,-9,-9,-9,-9,-9,-9,-9,-9,-9,-9,-9,-9,-9,-9,-9,2041,2041,2037,2027,2018,2009,1999,1989,1973,1948,1924,1900,1876,1852,1832,1815,1797,1780,1764,1747,-9,-9,-9,-9
precipitation,117,-9,-9,-9,-9,-9,-9,-9,-9,-9,-9,-9,-9,-9,-9,-9,-9,-9,-9,-9,-9,-9,-9,-9,-9,-9,-9,-9,-9,-9,-9,-9,-9,-9,-9,-9,-9,-9,-9,-9,-9,-9,-9,-9,-9,-9,-9,-9,-9,-9,-9,-9,-9,-9,-9,-9,-9,-9,-9,-9,-9,-9,-9,-9,-9,-9,-9,2007,2007,2002,1993,1984,1975,1966,1957,1941,1918,1895,1872,1849,1826,1806,1790,1774,1758,1741,1725,1717,1717,-9,-9
precipitation,118,-9,-9,-9,-9,-9,-9,-9,-9,-9,-9,-9,-9,-9,-9,-9,-9,-9,-9,-9,-9,-9,-9,-9,-9,-9,-9,-9,-9,-9,-9,-9,-9,-9,-9,-9,-9,-9,-9,-9,-9,-9,-9,-9,-9,-9,-9,-9,-9,-9,-9,-9,-9,-9,-9,-9,-9,-9,-9,-9,-9,-9,-9,-9,-9,-9,-9,1974,1973,1968,1959,1951,1942,1934,1925,1910,1888,1866,1844,1822,1800,1781,1766,1750,1735,1719,1704,1696,-9,-9,-9
precipitation,119,-9,-9,-9,-9,-9,-9,-9,-9,-9,-9,-9,-9,-9,-9,-9,-9,-9,-9,-9,-9,-9,-9,-9,-9,-9,-9,-9,-9,-9,-9,-9,-9,-9,-9,-9,-9,-9,-9,-9,-9,-9,-9,-9,-9,-9,-9,-9,-9,-9,-9,-9,-9,-9,-9,-9,-9,-9,-9,-9,-9,-9,-9,-9,-9,-9,-9,1941,1939,1934,1926,1917,1909,1901,1893,1878,1857,1836,1816,1795,1773,1756,1741,1726,1712,1697,1682,1675,-9,-9,-9
precipitation,120,-9,-9,-9,-9,-9,-9,-9,-9,-9,-9,-9,-9,-9,-9,-9,-9,-9,-9,-9,-9,-9,-9,-9,-9,-9,-9,-9,-9,-9,-9,-9,-9,-9,-9,-9,-9,-9,-9,-9,-9,-9,-9,-9,-9,-9,-9,-9,-9,-9,-9,-9,-9,-9,-9,-9,-9,-9,-9,-9,-9,-9,-9,-9,-9,-9,-9,1908,1905,1899,1891,1884,1876,1868,1860,1847,1827,1807,1787,1767,1747,1730,1716,1703,1689,1675,1661,1654,-9,-9,-9
precipitation,121,-9,-9,-9,-9,-9,-9,-9,-9,-9,-9,-9,-9,-9,-9,-9,-9,-9,-9,-9,-9,-9,-9,-9,-9,-9,-9,-9,-9,-9,-9,-9,-9,-9,-9,-9,-9,-9,-9,-9,-9,-9,-9,-9,-9,-9,-9,-9,-9,-9,-9,-9,-9,-9,-9,-9,-9,-9,-9,-9,-9,-9,-9,-9,-9,-9,-9,1875,1871,1865,1857,1850,1843,1836,1828,1815,1796,1778,1759,1740,1721,1705,1692,1679,1666,1652,1639,1633,-9,-9,-9
precipitation,122,-9,-9,-9,-9,-9,-9,-9,-9,-9,-9,-9,-9,-9,-9,-9,-9,-9,-9,-9,-9,-9,-9,-9,-9,-9,-9,-9,-9,-9,-9,-9,-9,-9,-9,-9,-9,-9,-9,-9,-9,-9,-9,-9,-9,-9,-9,-9,-9,-9,-9,-9,-9,-9,-9,-9,-9,-9,-9,-9,-9,-9,-9,-9,-9,-9,-9,1848,1842,1836,1829,1822,1814,1808,1800,1788,1770,1752,1734,1716,1697,1682,1669,1656,1644,1631,1618,1612,-9,-9,-9
precipitation,123,-9,-9,-9,-9,-9,-9,-9,-9,-9,-9,-9,-9,-9,-9,-9,-9,-9,-9,-9,-9,-9,-9,-9,-9,-9,-9,-9,-9,-9,-9,-9,-9,-9,-9,-9,-9,-9,-9,-9,-9,-9,-9,-9,-9,-9,-9,-9,-9,-9,-9,-9,-9,-9,-9,-9,-9,-9,-9,-9,-9,-9,-9,-9,-9,-9,1830,1825,1820,1813,1806,1799,1791,1784,1777,1764,1747,1729,1711,1694,1676,1661,1648,1635,1623,1610,1597,1590,-9,-9,-9
precipitation,124,-9,-9,-9,-9,-9,-9,-9,-9,-9,-9,-9,-9,-9,-9,-9,-9,-9,-9,-9,-9,-9,-9,-9,-9,-9,-9,-9,-9,-9,-9,-9,-9,-9,-9,-9,-9,-9,-9,-9,-9,-9,-9,-9,-9,-9,-9,-9,-9,-9,-9,-9,-9,-9,-9,-9,-9,-9,-9,-9,-9,-9,-9,-9,-9,-9,1808,1802,1797,1790,1783,1776,1768,1761,1753,1741,1723,1706,1689,1672,1655,1639,1627,1614,1601,1589,1576,1570,1570,-9,-9
precipitation,125,-9,-9,-9,-9,-9,-9,-9,-9,-9,-9,-9,-9,-9,-9,-9,-9,-9,-9,-9,-9,-9,-9,-9,-9,-9,-9,-9,-9,-9,-9,-9,-9,-9,-9,-9,-9,-9,-9,-9,-9,-9,-9,-9,-9,-9,-9,-9,-9,-9,-9,-9,-9,-9,-9,-9,-9,-9,-9,-9,-9,-9,-9,-9,-9,-9,1786,1780,1774,1767,1760,1752,1745,1737,1729,1717,1700,1683,1667,1650,1633,1618,1606,1593,1580,1568,1555,1548,1548,1548,-9
precipitation,126,-9,-9,-9,-9,-9,-9,-9,-9,-9,-9,-9,-9,-9,-9,-9,-9,-9,-9,-9,-9,-9,-9,-9,-9,-9,-9,-9,-9,-9,-9,-9,-9,-9,-9,-9,-9,-9,-9,-9,-9,-9,-9,-9,-9,-9,-9,-9,-9,-9,-9,-9,-9,-9,-9,-9,-9,-9,-9,-9,-9,-9,-9,-9,-9,-9,1763,1757,1751,1744,1737,1729,1721,1713,1706,1694,1677,1661,1645,1628,1612,1597,1584,1572,1559,1547,1534,1528,1528,1528,-9
precipitation,127,-9,-9,-9,-9,-9,-9,-9,-9,-9,-9,-9,-9,-9,-9,-9,-9,-9,-9,-9,-9,-9,-9,-9,-9,-9,-9,-9,-9,-9,-9,-9,-9,-9,-9,-9,-9,-9,-9,-9,-9,-9,-9,-9,-9,-9,-9,-9,-9,-9,-9,-9,-9,-9,-9,-9,-9,-9,-9,-9,-9,-9,-9,-9,-9,-9,-9,1735,1728,1722,1714,1706,1698,1690,1682,1670,1654,1638,1622,1606,1590,1576,1563,1551,1538,1525,1513,1506,1506,-9,-9
precipitation,128,-9,-9,-9,-9,-9,-9,-9,-9,-9,-9,-9,-9,-9,-9,-9,-9,-9,-9,-9,-9,-9,-9,-9,-9,-9,-9,-9,-9,-9,-9,-9,-9,-9,-9,-9,-9,-9,-9,-9,-9,-9,-9,-9,-9,-9,-9,-9,-9,-9,-9,-9,-9,-9,-9,-9,-9,-9,-9,-9,-9,-9,-9,-9,-9,-9,-9,1718,1712,1705,1697,1689,1681,1673,1665,1653,1637,1621,1605,1589,1573,1558,1546,1533,1520,1507,1494,1487,1487,1487,-9
precipitation,129,-9,-9,-9,-9,-9,-9,-9,-9,-9,-9,-9,-9,-9,-9,-9,-9,-9,-9,-9,-9,-9,-9,-9,-9,-9,-9,-9,-9,-9,-9,-9,-9,-9,-9,-9,-9,-9,-9,-9,-9,-9,-9,-9,-9,-9,-9,-9,-9,-9,-9,-9,-9,-9,-9,-9,-9,-9,-9,-9,-9,-9,-9,-9,-9,-9,-9,1707,1701,1694,1686,1678,1670,1661,1653,1641,1625,1608,1592,1576,1559,1544,1531,1517,1504,1491,1477,1470,1470,1470,-9
precipitation,130,-9,-9,-9,-9,-9,-9,-9,-9,-9,-9,-9,-9,-9,-9,-9,-9,-9,-9,-9,-9,-9,-9,-9,-9,-9,-9,-9,-9,-9,-9,-9,-9,-9,-9,-9,-9,-9,-9,-9,-9,-9,-9,-9,-9,-9,-9,-9,-9,-9,-9,-9,-9,-9,-9,-9,-9,-9,-9,-9,-9,-9,-9,-9,-9,-9,-9,1697,1690,1683,1675,1667,1659,1651,1642,1630,1613,1596,1579,1563,1546,1531,1516,1502,1488,1474,1460,-9,1453,1453,-9
precipitation,131,-9,-9,-9,-9,-9,-9,-9,-9,-9,-9,-9,-9,-9,-9,-9,-9,-9,-9,-9,-9,-9,-9,-9,-9,-9,-9,-9,-9,-9,-9,-9,-9,-9,-9,-9,-9,-9,-9,-9,-9,-9,-9,-9,-9,-9,-9,-9,-9,-9,-9,-9,-9,-9,-9,-9,-9,-9,-9,-9,-9,-9,-9,-9,-9,-9,-9,1686,1680,1672,1664,1656,1648,1639,1631,1618,1601,1584,1567,1550,1533,1517,1502,1487,1472,1458,1443,1436,1436,-9,-9
precipitation,132,-9,-9,-9,-9,-9,-9,-9,-9,-9,-9,-9,-9,-9,-9,-9,-9,-9,-9,-9,-9,-9,-9,-9,-9,-9,-9,-9,-9,-9,-9,-9,-9,-9,-9,-9,-9,-9,-9,-9,-9,-9,-9,-9,-9,-9,-9,-9,-9,-9,-9,-9,-9,-9,-9,-9,-9,-9,-9,-9,-9,-9,-9,-9,-9,-9,-9,1675,1669,1662,1653,1645,1637,1628,1620,1607,1589,1572,1554,1537,1519,1503,1487,1472,1457,1442,1426,1419,1419,-9,-9
precipitation,133,-9,-9,-9,-9,-9,-9,-9,-9,-9,-9,-9,-9,-9,-9,-9,-9,-9,-9,-9,-9,-9,-9,-9,-9,-9,-9,-9,-9,-9,-9,-9,-9,-9,-9,-9,-9,-9,-9,-9,-9,-9,-9,-9,-9,-9,-9,-9,-9,-9,-9,-9,-9,-9,-9,-9,-9,-9,-9,-9,-9,-9,-9,1688,1682,-9,1670,1664,1658,1651,1643,1634,1626,1617,1608,1595,1577,1560,1542,1524,1506,1489,1473,1457,1441,1425,1410,-9,-9,-9,-9
precipitation,134,-9,-9,-9,-9,-9,-9,-9,-9,-9,-9,-9,-9,-9,-9,-9,-9,-9,-9,-9,-9,-9,-9,-9,-9,-9,-9,-9,-9,-9,-9,-9,-9,-9,-9,-9,-9,-9,-9,-9,-9,-9,-9,-9,-9,-9,-9,-9,-9,-9,-9,-9,-9,-9,-9,-9,-9,-9,-9,-9,-9,1685,1681,1676,1670,1664,1657,1651,1645,1638,1629,1621,1613,1604,1596,1583,1565,1547,1530,1512,1494,1478,1462,1446,1430,1414,1399,1391,-9,-9,-9
precipitation,135,-9,-9,-9,-9,-9,-9,-9,-9,-9,-9,-9,-9,-9,-9,-9,-9,-9,-9,-9,-9,-9,-9,-9,-9,-9,-9,-9,-9,-9,-9,-9,-9,-9,-9,-9,-9,-9,-9,-9,-9,-9,-9,-9,-9,-9,-9,-9,-9,-9,-9,-9,-9,-9,-9,-9,-9,-9,-9,-9,1679,1675,1669,1663,1656,1649,1642,1635,1628,1621,1613,1605,1597,1589,1582,1570,1553,1536,1519,1502,1486,1470,1454,1439,1424,1409,1394,1386,-9,-9,-9
precipitation,136,-9,-9,-9,-9,-9,-9,-9,-9,-9,-9,-9,-9,-9,-9,-9,-9,-9,-9,-9,-9,-9,-9,-9,-9,-9,-9,-9,-9,-9,-9,-9,-9,-9,-9,-9,-9,-9,-9,-9,-9,-9,-9,-9,-9,-9,-9,-9,-9,-9,-9,-9,-9,-9,-9,-9,-9,1689,1682,1676,1670,1664,1657,1650,1643,1635,1627,1620,1612,1604,1597,1590,1582,1575,1567,1556,1540,1524,1508,1493,1477,1461,1447,1433,1418,1404,1389,-9,-9,-9,-9
precipitation,137,-9,-9,-9,-9,-9,-9,-9,-9,-9,-9,-9,-9,-9,-9,-9,-9,-9,-9,-9,-9,-9,-9,-9,-9,-9,-9,-9,-9,-9,-9,-9,-9,-9,-9,-9,-9,-9,-9,-9,-9,-9,-9,-9,-9,-9,-9,-9,-9,-9,-9,-9,-9,1777,1752,1726,1700,1684,1676,1668,1661,1653,1645,1637,1629,1621,1612,1604,1596,1588,1581,1574,1567,1560,1553,1542,1528,1513,1498,1483,1468,1453,1440,1426,1412,1398,1385,1378,-9,-9,-9
precipitation,138,-9,-9,-9,-9,-9,-9,-9,-9,-9,-9,-9,-9,-9,-9,-9,-9,-9,-9,-9,-9,-9,-9,-9,-9,-9,-9,-9,-9,-9,-9,-9,-9,-9,-9,-9,-9,-9,-9,-9,-9,-9,-9,-9,-9,-9,-9,-9,-9,-9,-9,-9,-9,1778,1751,1723,1696,1678,1669,1660,1651,1642,1633,1624,1615,1606,1597,1588,1579,1571,1565,1559,1552,1546,1539,1529,1515,1501,1487,1473,1459,1445,1432,1419,1406,1393,1380,1374,-9,-9,-9
precipitation,139,-9,-9,-9,-9,-9,-9,-9,-9,-9,-9,-9,-9,-9,-9,-9,-9,-9,-9,-9,-9,-9,-9,-9,-9,-9,-9,-9,-9,-9,-9,-9,-9,-9,-9,-9,-9,-9,-9,-9,-9,-9,-9,-9,-9,-9,-9,-9,-9,-9,-9,-9,-9,1778,1750,1721,1692,1673,1663,1652,1642,1632,1621,1611,1602,1592,1582,1573,1563,1555,1549,1543,1537,1531,1525,1515,1502,1489,1476,1463,1450,1437,1425,1412,1400,1387,1375,-9,-9,-9,-9
precipitation,140,-9,-9,-9,-9,-9,-9,-9,-9,-9,-9,-9,-9,-9,-9,-9,-9,-9,-9,-9,-9,-9,-9,-9,-9,-9,-9,-9,-9,-9,-9,-9,-9,-9,-9,-9,-9,-9,-9,-9,-9,-9,-9,-9,-9,-9,-9,-9,2030,1959,1889,-9,-9,1779,1750,1721,1691,1671,1658,1646,1634,1622,1610,1599,1587,1575,1564,1552,1541,1532,1526,1519,1513,1507,1501,1492,1481,1470,1458,1447,1436,1425,1414,1403,1393,1382,1371,-9,-9,-9,-9
precipitation,141,-9,-9,-9,-9,-9,-9,-9,-9,-9,-9,-9,-9,-9,-9,-9,-9,-9,-9,-9,-9,-9,-9,-9,-9,-9,-9,-9,-9,-9,-9,-9,-9,-9,-9,-9,-9,-9,-9,-9,-9,-9,-9,-9,-9,-9,2156,2089,2022,1956,1889,1841,1811,1782,1752,1723,1693,1671,1657,1643,1629,1615,1601,1586,1571,1557,1542,1527,1513,1502,1495,1488,1481,1474,1467,1459,1450,1442,1434,1426,1418,1409,1401,1392,1384,1376,1368,-9,-9,-9,-9
precipitation,142,-9,-9,-9,-9,-9,-9,-9,-9,-9,-9,-9,-9,-9,-9,-9,-9,-9,-9,-9,-9,-9,-9,-9,-9,-9,-9,-9,-9,-9,-9,-9,-9,-9,-9,-9,-9,-9,-9,-9,-9,-9,-9,-9,-9,-9,2141,2078,2015,1952,1889,1843,1813,1784,1754,1725,1695,1672,1656,1640,1623,1607,1591,1574,1556,1538,1521,1503,1485,1472,1464,1456,1448,1440,1432,1426,1420,1415,1409,1404,1399,1393,1387,1381,1376,1370,-9,-9,-9,-9,-9
precipitation,143,-9,-9,-9,-9,-9,-9,-9,-9,-9,-9,-9,-9,-9,-9,-9,-9,-9,-9,-9,-9,-9,-9,-9,-9,-9,-9,-9,-9,-9,-9,-9,-9,-9,-9,-9,-9,-9,-9,-9,-9,-9,-9,-9,-9,-9,-9,2067,2008,1949,1889,1845,1815,1786,1756,1727,1697,1673,1655,1636,1618,1600,1581,1561,1540,1520,1499,1478,1457,1442,1433,1424,1416,1407,1398,1392,1390,1387,1385,1382,1380,1377,1374,1370,1367,-9,-9,-9,-9,-9,-9
precipitation,144,-9,-9,-9,-9,-9,-9,-9,-9,-9,-9,-9,-9,-9,-9,-9,-9,-9,-9,-9,-9,-9,-9,-9,-9,-9,-9,-9,-9,-9,-9,-9,-9,-9,-9,-9,-9,-9,-9,-9,-9,-9,-9,-9,-9,-9,-9,2055,2000,1945,1890,1847,1818,1788,1758,1729,1699,1674,1653,1633,1612,1592,1571,1549,1525,1501,1477,1453,1429,1412,1403,1393,1383,1374,1364,1359,1359,1360,1360,1361,1361,1361,1360,1359,1358,-9,-9,-9,-9,-9,-9
precipitation,145,-9,-9,-9,-9,-9,-9,-9,-9,-9,-9,-9,-9,-9,-9,-9,-9,-9,-9,-9,-9,-9,-9,-9,-9,-9,-9,-9,-9,-9,-9,-9,-9,-9,-9,-9,-9,-9,-9,-9,-9,-9,-9,-9,-9,-9,-9,2044,1993,1942,1890,1850,1820,1790,1760,1731,1701,1675,1652,1629,1606,1584,1561,1536,1509,1482,1455,1428,1401,1382,1372,1361,1351,1340,1330,1326,1329,1333,1336,1339,1342,1345,1347,1348,-9,-9,-9,-9,-9,-9,-9
precipitation,146,-9,-9,-9,-9,-9,-9,-9,-9,-9,-9,-9,-9,-9,-9,-9,-9,-9,-9,-9,-9,-9,-9,-9,-9,-9,-9,-9,-9,-9,-9,-9,-9,-9,-9,-9,-9,-9,-9,-9,-9,-9,-9,-9,-9,-9,-9,2036,1988,1940,1893,1854,1824,1795,1765,1735,1705,1679,1654,1630,1605,1581,1557,1530,1501,1471,1442,1412,1383,1363,1351,1340,1329,1317,1306,1303,1308,1314,1319,1325,1330,-9,-9,-9,-9,-9,-9,-9,-9,-9,-9
precipitation,147,-9,-9,-9,-9,-9,-9,-9,-9,-9,-9,-9,-9,-9,-9,-9,-9,-9,-9,-9,-9,-9,-9,-9,-9,-9,-9,-9,-9,-9,-9,-9,-9,-9,-9,-9,-9,-9,-9,-9,-9,-9,-9,-9,-9,-9,-9,-9,-9,1942,1898,1861,1831,1801,1772,1743,1713,1685,1660,1634,1608,1583,1557,1529,1498,1467,1436,1405,1375,1353,1341,1329,1317,1305,1293,1290,1297,1304,1310,-9,-9,-9,-9,-9,-9,-9,-9,-9,-9,-9,-9
precipitation,148,-9,-9,-9,-9,-9,-9,-9,-9,-9,-9,-9,-9,-9,-9,-9,-9,-9,-9,-9,-9,-9,-9,-9,-9,-9,-9,-9,-9,-9,-9,-9,-9,-9,-9,-9,-9,-9,-9,-9,-9,-9,-9,-9,-9,-9,-9,-9,-9,-9,1903,1867,1838,1809,1779,1749,1720,1692,1665,1638,1611,1584,1558,1528,1496,1463,1431,1398,1366,1343,1331,1318,1306,1293,1280,1278,1286,1294,-9,-9,-9,-9,-9,-9,-9,-9,-9,-9,-9,-9,-9
precipitation,149,-9,-9,-9,-9,-9,-9,-9,-9,-9,-9,-9,-9,-9,-9,-9,-9,-9,-9,-9,-9,-9,-9,-9,-9,-9,-9,-9,-9,-9,-9,-9,-9,-9,-9,-9,-9,-9,-9,-9,-9,-9,-9,2210,2146,2096,-9,-9,-9,-9,1907,1874,1845,1815,1786,1757,1727,1699,1670,1642,1614,1586,1558,1527,1493,1459,1425,1391,1357,1334,1320,1307,1294,1281,1268,1266,1275,-9,-9,-9,-9,-9,-9,-9,-9,-9,-9,-9,-9,-9,-9
precipitation,150,-9,-9,-9,-9,-9,-9,-9,-9,-9,-9,-9,-9,-9,-9,-9,-9,-9,-9,-9,-9,-9,-9,-9,-9,-9,-9,-9,-9,-9,-9,-9,-9,-9,-9,-9,-9,2568,2504,2442,2380,2318,2256,2194,2132,2084,-9,-9,-9,-9,1913,1881,1852,1822,1793,1764,1734,1705,1676,1646,1617,1588,1558,1526,1491,1455,1420,1384,1349,1324,1310,1296,1283,-9,-9,-9,-9,-9,-9,-9,-9,-9,-9,-9,-9,-9,-9,-9,-9,-9,-9
precipitation,151,-9,-9,-9,-9,-9,-9,-9,-9,-9,-9,-9,-9,-9,-9,-9,-9,-9,-9,-9,-9,-9,-9,-9,-9,-9,-9,-9,-9,-9,-9,-9,-9,-9,-9,-9,-9,2547,2483,2420,2360,2299,2239,2178,2118,2072,2041,2010,1979,1948,1917,1887,1858,1829,1800,1771,1742,1712,1681,1651,1620,1589,1559,1525,1488,1451,1414,1377,1340,1315,1300,1286,1271,-9,-9,-9,-9,-9,-9,-9,-9,-9,-9,-9,-9,-9,-9,-9,-9,-9,-9
precipitation,152,-9,-9,-9,-9,-9,-9,-9,-9,-9,-9,-9,-9,-9,-9,-9,-9,-9,-9,-9,-9,-9,-9,-9,-9,-9,-9,-9,-9,-9,-9,-9,-9,-9,-9,-9,-9,2532,2468,2406,2347,2288,2229,2171,2112,2068,2039,2011,1982,1953,1924,1895,1867,1838,1809,1780,1751,1721,1690,1659,1628,1597,1566,1533,1496,1458,1420,1380,1339,1310,1295,1280,1265,-9,-9,-9,-9,-9,-9,-9,-9,-9,-9,-9,-9,-9,-9,-9,-9,-9,-9
precipitation,153,-9,-9,-9,-9,-9,-9,-9,-9,-9,-9,-9,-9,-9,-9,-9,-9,-9,-9,-9,-9,-9,-9,-9,-9,-9,-9,-9,-9,-9,-9,-9,-9,-9,-9,2647,2584,2521,2459,2399,2342,2285,2228,2171,2114,2072,2044,2016,1988,1961,1933,1904,1876,1848,1819,1791,1762,1733,1702,1672,1642,1611,1581,1550,1516,1479,1439,1394,1344,1310,-9,-9,-9,-9,-9,-9,-9,-9,-9,-9,-9,-9,-9,-9,-9,-9,-9,-9,-9,-9,-9
precipitation,154,-9,-9,-9,-9,-9,-9,-9,-9,-9,-9,-9,-9,-9,-9,-9,-9,-9,-9,-9,-9,-9,-9,-9,-9,-9,-9,-9,-9,-9,-9,-9,-9,-9,-9,2632,2571,2511,2450,2393,2338,2282,2227,2172,2117,2076,2049,2022,1995,1968,1941,1913,1886,1858,1830,1802,1774,1745,1715,1685,1656,1625,1596,1567,1538,1503,1463,1413,-9,-9,-9,-9,-9,-9,-9,-9,-9,-9,-9,-9,-9,-9,-9,1302,-9,-9,-9,-9,-9,-9,-9
precipitation,155,-9,-9,-9,-9,-9,-9,-9,-9,-9,-9,-9,-9,-9,-9,-9,-9,-9,-9,-9,-9,-9,-9,3049,3020,-9,-9,-9,-9,-9,2841,2810,2780,2735,2676,2618,2559,2501,2442,2386,2333,2279,2226,2173,2120,2080,2054,2028,2002,1976,1949,1923,1895,1868,1840,1812,1785,1757,1727,1698,1669,1640,1610,1586,1562,1532,-9,-9,-9,-9,-9,-9,-9,-9,-9,-9,-9,-9,-9,-9,-9,-9,-9,1302,-9,-9,-9,-9,-9,-9,-9
precipitation,156,-9,-9,-9,-9,-9,-9,-9,-9,-9,-9,-9,-9,-9,-9,-9,-9,-9,-9,-9,-9,-9,3045,3018,2991,-9,-9,-9,-9,2849,2820,2790,2760,2716,2660,2603,2547,2490,2434,2379,2328,2277,2225,2174,2122,2084,2059,2034,2008,1983,1958,1932,1905,1878,1851,1823,1796,1768,1740,1711,1682,1654,1625,1604,-9,-9,-9,-9,-9,-9,-9,-9,-9,-9,-9,-9,-9,-9,-9,-9,-9,-9,-9,-9,-9,-9,-9,-9,-9,-9,-9
precipitation,157,-9,-9,-9,-9,-9,-9,-9,-9,-9,-9,-9,-9,-9,-9,-9,-9,-9,-9,-9,-9,-9,3012,2987,2962,-9,-9,2884,-9,-9,2797,2769,2740,2698,2644,2589,2534,2480,2425,2373,2323,2274,2224,2174,2125,2088,2064,2039,2015,1991,1966,1941,1914,1888,1861,1834,1807,1780,-9,-9,1696,1668,-9,-9,-9,-9,-9,-9,-9,-9,-9,-9,-9,-9,-9,-9,-9,-9,-9,-9,-9,-9,-9,-9,-9,-9,-9,-9,-9,-9,-9
precipitation,158,-9,-9,-9,-9,-9,-9,-9,-9,-9,-9,-9,-9,-9,-9,-9,-9,-9,-9,-9,-9,-9,-9,2972,2947,-9,-9,-9,-9,-9,-9,2748,2719,2679,2626,2574,2521,2468,2416,2365,2317,2270,2222,2174,2127,2091,2068,2045,2022,1999,1976,1951,1925,1898,1872,1846,1820,1794,-9,-9,-9,-9,-9,-9,-9,-9,-9,-9,-9,-9,-9,-9,-9,-9,-9,-9,-9,-9,-9,-9,-9,-9,-9,-9,-9,-9,-9,-9,-9,-9,-9
precipitation,159,-9,-9,-9,-9,-9,-9,-9,-9,-9,-9,-9,-9,-9,-9,-9,-9,-9,-9,-9,-9,-9,-9,2972,2947,-9,-9,-9,-9,-9,2755,2725,-9,-9,2609,2558,2507,2456,2405,2356,2310,2265,2219,2173,2128,2094,2072,2050,2028,2007,1985,1961,1936,1910,1885,1859,1834,1809,-9,-9,-9,-9,-9,-9,-9,-9,-9,-9,-9,-9,-9,-9,-9,-9,-9,-9,-9,-9,-9,-9,-9,-9,-9,-9,-9,-9,-9,-9,-9,-9,-9
precipitation,160,-9,-9,-9,-9,-9,-9,-9,-9,-9,-9,-9,-9,-9,-9,-9,-9,-9,-9,-9,-9,-9,-9,2972,2947,-9,-9,-9,-9,-9,2730,-9,-9,-9,-9,-9,2493,2443,2394,2347,2303,2260,2216,2172,2129,2096,2076,2056,2035,2015,1994,1971,1947,1922,1897,1872,1847,1825,-9,-9,-9,-9,-9,-9,-9,-9,-9,-9,-9,-9,-9,-9,-9,-9,-9,-9,-9,-9,-9,-9,-9,-9,-9,-9,-9,-9,-9,-9,-9,-9,-9
precipitation,161,-9,-9,-9,-9,-9,-9,-9,-9,-9,-9,-9,-9,-9,-9,-9,-9,-9,-9,-9,-9,-9,-9,-9,2947,-9,-9,-9,-9,-9,-9,-9,-9,-9,2573,-9,2478,2431,2383,2338,2297,2255,2213,2171,2130,2099,2080,2061,2042,2023,2003,1982,1957,1934,1909,1885,-9,-9,-9,-9,-9,-9,-9,-9,-9,-9,-9,-9,-9,-9,-9,-9,-9,-9,-9,-9,-9,-9,-9,-9,-9,-9,-9,-9,-9,-9,-9,-9,-9,-9,-9
precipitation,162,-9,-9,-9,-9,-9,-9,-9,-9,-9,-9,-9,-9,-9,-9,-9,-9,-9,-9,-9,-9,-9,-9,-9,-9,-9,-9,-9,-9,-9,-9,-9,-9,-9,-9,2510,2464,2418,2372,2330,2290,2250,2210,2170,2130,2102,2084,2066,2048,2031,2013,1992,1969,1945,1922,1898,1875,-9,-9,-9,-9,-9,-9,-9,-9,-9,-9,-9,-9,-9,-9,-9,-9,-9,-9,-9,-9,-9,-9,-9,-9,-9,-9,-9,-9,-9,-9,-9,-9,-9,-9
precipitation,163,-9,-9,-9,-9,-9,-9,-9,-9,-9,-9,-9,-9,-9,-9,-9,-9,-9,-9,-9,-9,-9,-9,-9,-9,-9,-9,-9,-9,-9,-9,2612,-9,-9,2538,2493,2450,2405,2361,2320,2283,2245,2207,2169,2132,2104,2088,2071,2055,2039,2022,2002,1980,1957,1934,1911,-9,-9,-9,-9,-9,-9,-9,-9,-9,-9,-9,-9,-9,-9,-9,-9,-9,-9,-9,-9,-9,-9,-9,-9,-9,-9,-9,-9,-9,-9,-9,-9,-9,-9,-9
precipitation,164,-9,-9,-9,-9,-9,-9,-9,-9,-9,-9,-9,-9,-9,-9,-9,-9,-9,-9,-9,-9,-9,-9,-9,-9,-9,-9,-9,2612,-9,-9,-9,-9,-9,2522,2479,2437,2394,2351,2312,2276,2240,2204,2168,2132,2106,2091,2076,2060,2045,2029,2011,1990,1967,1944,-9,-9,-9,-9,-9,-9,-9,-9,-9,-9,-9,-9,-9,-9,-9,-9,-9,-9,-9,-9,-9,-9,-9,-9,-9,-9,-9,-9,-9,-9,-9,-9,-9,-9,-9,-9
precipitation,165,-9,-9,-9,-9,-9,-9,-9,-9,-9,-9,-9,-9,-9,-9,-9,-9,-9,-9,-9,-9,-9,-9,-9,-9,-9,-9,-9,2612,-9,-9,-9,-9,-9,2509,2467,2425,2383,2341,2303,2269,2235,2200,2166,2132,2107,2093,2079,2064,2050,2035,2019,1999,1978,1954,-9,-9,-9,-9,-9,-9,-9,-9,-9,-9,-9,-9,-9,-9,-9,-9,-9,-9,-9,-9,-9,-9,-9,-9,-9,-9,-9,-9,-9,-9,-9,-9,-9,-9,-9,-9
precipitation,166,-9,-9,-9,-9,-9,-9,-9,-9,-9,-9,-9,-9,-9,-9,-9,-9,-9,-9,-9,-9,-9,-9,-9,-9,-9,-9,-9,-9,-9,-9,-9,-9,-9,2496,2455,2414,2373,2332,2295,2262,2230,2197,2164,2132,2109,2095,2082,2068,2055,2041,2027,2010,1990,1967,-9,-9,-9,-9,-9,-9,-9,-9,-9,-9,-9,-9,-9,-9,-9,-9,-9,-9,-9,-9,-9,-9,-9,-9,-9,-9,-9,-9,-9,-9,-9,-9,-9,-9,-9,-9
precipitation,167,-9,-9,-9,-9,-9,-9,-9,-9,-9,-9,-9,-9,-9,-9,-9,-9,-9,-9,-9,-9,-9,-9,-9,-9,-9,-9,-9,-9,-9,-9,-9,-9,-9,2483,2443,2403,2362,2322,2287,2256,2224,2194,2163,2132,2110,2097,2085,2072,2060,2047,-9,-9,-9,-9,-9,-9,-9,-9,-9,-9,-9,-9,-9,-9,-9,-9,-9,-9,-9,-9,-9,-9,-9,-9,-9,-9,-9,-9,-9,-9,-9,-9,-9,-9,-9,-9,-9,-9,-9,-9
precipitation,168,-9,-9,-9,-9,-9,-9,-9,-9,-9,-9,-9,-9,-9,-9,-9,-9,-9,-9,-9,-9,-9,-9,-9,-9,-9,-9,-9,-9,-9,-9,-9,-9,2509,2470,2431,2391,2352,2313,2278,2249,2219,2190,2161,2132,2111,2099,2088,2076,2065,2053,-9,-9,-9,-9,-9,-9,-9,-9,-9,-9,-9,-9,-9,-9,-9,-9,-9,-9,-9,-9,-9,-9,-9,-9,-9,-9,-9,-9,-9,-9,-9,-9,-9,-9,-9,-9,-9,-9,-9,-9
precipitation,169,-9,-9,-9,-9,-9,-9,-9,-9,-9,-9,-9,-9,-9,-9,-9,-9,2972,-9,-9,-9,-9,-9,-9,-9,-9,-9,-9,-9,-9,-9,-9,-9,2496,2457,2418,2380,2342,2303,2270,2242,2214,2187,2159,2132,2112,2101,2091,2080,-9,-9,-9,-9,-9,-9,-9,-9,-9,-9,-9,-9,-9,-9,-9,-9,-9,-9,-9,-9,-9,-9,-9,-9,-9,-9,-9,-9,-9,-9,-9,-9,-9,-9,-9,-9,-9,-9,-9,-9,-9,-9
precipitation,170,-9,-9,-9,-9,-9,-9,-9,-9,-9,-9,-9,-9,-9,-9,-9,-9,-9,-9,-9,-9,-9,-9,-9,-9,-9,-9,-9,-9,-9,-9,-9,-9,2480,2443,2405,2368,2331,2293,2262,2238,2213,2186,2160,2132,2113,-9,-9,-9,-9,-9,-9,-9,-9,-9,-9,-9,-9,-9,-9,-9,-9,-9,-9,-9,-9,-9,-9,-9,-9,-9,-9,-9,-9,-9,-9,-9,-9,-9,-9,-9,-9,-9,-9,-9,-9,-9,-9,-9,-9,-9
precipitation,171,-9,-9,-9,-9,-9,-9,-9,-9,-9,-9,-9,-9,-9,-9,-9,-9,-9,-9,-9,-9,-9,-9,-9,-9,-9,-9,-9,-9,-9,-9,-9,-9,2462,2427,2391,2355,2320,2284,2256,2236,2214,2190,2163,-9,-9,-9,-9,-9,-9,-9,-9,-9,-9,-9,-9,-9,-9,-9,-9,-9,-9,-9,-9,-9,-9,-9,-9,-9,-9,-9,-9,-9,-9,-9,-9,-9,-9,-9,-9,-9,-9,-9,-9,-9,-9,-9,-9,-9,-9,-9
precipitation,172,-9,-9,-9,-9,-9,-9,-9,-9,-9,-9,-9,-9,-9,-9,-9,-9,-9,-9,-9,-9,-9,-9,-9,-9,-9,-9,-9,-9,-9,-9,-9,-9,2445,2411,2377,2343,2309,2274,2250,2234,2216,-9,-9,-9,-9,-9,-9,-9,-9,-9,-9,-9,-9,-9,-9,-9,-9,-9,-9,-9,-9,-9,-9,-9,-9,-9,-9,-9,-9,-9,-9,-9,-9,-9,-9,-9,-9,-9,-9,-9,-9,-9,-9,-9,-9,-9,-9,-9,-9,-9
precipitation,173,-9,-9,-9,-9,-9,-9,-9,-9,-9,-9,-9,-9,-9,-9,-9,-9,-9,-9,-9,-9,-9,-9,-9,-9,-9,-9,-9,-9,-9,-9,-9,-9,2428,2395,2362,2330,2297,2265,2244,2233,-9,-9,-9,-9,-9,-9,-9,-9,-9,-9,-9,-9,-9,-9,-9,-9,-9,-9,-9,-9,-9,-9,-9,-9,-9,-9,-9,-9,-9,-9,-9,-9,-9,-9,-9,-9,-9,-9,-9,-9,-9,-9,-9,-9,-9,-9,-9,-9,-9,-9
precipitation,174,-9,-9,-9,-9,-9,-9,-9,-9,-9,-9,-9,-9,-9,-9,-9,-9,-9,-9,-9,-9,-9,-9,-9,-9,-9,-9,-9,-9,-9,-9,-9,-9,2410,2379,2348,2317,2286,2255,2237,2231,-9,-9,-9,-9,-9,-9,-9,-9,-9,-9,-9,-9,-9,-9,-9,-9,-9,-9,-9,-9,-9,-9,-9,-9,-9,-9,-9,-9,-9,-9,-9,-9,-9,-9,-9,-9,-9,-9,-9,-9,-9,-9,-9,-9,-9,-9,-9,-9,-9,-9
precipitation,175,-9,-9,-9,-9,-9,-9,-9,-9,-9,-9,-9,-9,-9,-9,-9,-9,-9,-9,-9,-9,-9,-9,-9,-9,-9,-9,-9,-9,-9,-9,-9,-9,2393,2364,2334,2305,2275,2246,2230,-9,-9,-9,-9,-9,-9,-9,-9,-9,-9,-9,-9,-9,-9,-9,2022,-9,-9,-9,-9,-9,-9,-9,-9,-9,-9,-9,-9,-9,-9,-9,-9,-9,-9,-9,-9,-9,-9,-9,-9,-9,-9,-9,-9,-9,-9,-9,-9,-9,-9,-9
precipitation,176,-9,-9,-9,-9,-9,-9,-9,-9,-9,-9,-9,-9,-9,-9,-9,-9,-9,-9,-9,-9,-9,-9,-9,-9,-9,-9,-9,-9,-9,-9,-9,-9,2384,2356,2327,2298,2270,2241,-9,-9,-9,-9,-9,-9,-9,-9,-9,-9,-9,-9,-9,-9,-9,2021,2021,2021,-9,-9,-9,-9,-9,-9,-9,-9,-9,-9,-9,-9,-9,-9,-9,-9,-9,-9,-9,-9,-9,-9,-9,-9,-9,-9,-9,-9,-9,-9,-9,-9,-9,-9
precipitation,177,-9,-9,-9,-9,-9,-9,-9,-9,-9,-9,-9,-9,-9,-9,-9,-9,-9,-9,-9,-9,-9,-9,-9,-9,-9,-9,-9,-9,-9,-9,-9,2398,2384,2356,2327,2298,2270,-9,-9,-9,-9,-9,-9,-9,-9,-9,-9,-9,-9,-9,-9,-9,-9,2021,2021,2021,-9,-9,-9,-9,-9,-9,-9,-9,-9,-9,-9,-9,-9,-9,-9,-9,-9,-9,-9,-9,-9,-9,-9,-9,-9,-9,-9,-9,-9,-9,-9,-9,-9,-9
precipitation,178,-9,-9,-9,-9,-9,-9,-9,-9,-9,-9,-9,-9,-9,-9,-9,-9,-9,-9,-9,-9,-9,-9,-9,-9,-9,-9,-9,-9,-9,-9,-9,-9,2384,2356,-9,-9,-9,-9,-9,-9,-9,-9,-9,-9,-9,-9,-9,-9,-9,-9,-9,-9,-9,-9,-9,-9,-9,-9,-9,-9,-9,-9,-9,-9,-9,-9,-9,-9,-9,-9,-9,-9,-9,-9,-9,-9,-9,-9,-9,-9,-9,-9,-9,-9,-9,-9,-9,-9,-9,-9
precipitation,179,-9,-9,-9,-9,-9,-9,-9,-9,-9,-9,-9,-9,-9,-9,-9,-9,-9,-9,-9,-9,-9,-9,-9,-9,-9,-9,-9,-9,-9,-9,-9,-9,2384,2356,-9,-9,-9,-9,-9,-9,-9,-9,-9,-9,-9,-9,-9,-9,-9,-9,-9,-9,-9,-9,-9,-9,-9,-9,-9,-9,-9,-9,-9,-9,-9,-9,-9,-9,-9,-9,-9,-9,-9,-9,-9,-9,-9,-9,-9,-9,-9,-9,-9,-9,-9,-9,-9,-9,-9,-9
precipitation,180,-9,-9,-9,-9,-9,-9,-9,-9,-9,-9,-9,-9,-9,-9,-9,-9,-9,-9,-9,-9,-9,-9,-9,-9,-9,-9,-9,-9,-9,-9,-9,-9,-9,-9,-9,-9,-9,-9,-9,-9,-9,-9,-9,-9,-9,-9,-9,-9,-9,-9,-9,-9,-9,-9,-9,-9,-9,-9,-9,-9,-9,-9,-9,-9,-9,-9,-9,-9,-9,-9,-9,-9,-9,-9,-9,-9,-9,-9,-9,-9,-9,-9,-9,-9,-9,-9,-9,-9,-9,-9
