row number,col number,cluster_unique
1,38,VNMC14
1,39,VNMC14
2,35,VNMC04
2,36,VNMC14
2,37,VNMC14
2,38,VNMC14
2,39,VNMC14
2,40,VNMC14
3,33,VNMC02
3,34,VNMC02
3,35,VNMC04
3,36,VNMC04
3,37,VNMC04
3,38,VNMC04
3,39,VNMC14
3,40,VNMC14
3,41,VNMC14
4,33,VNMC04
4,34,VNMC04
4,35,VNMC04
4,36,VNMC14
4,37,VNMC04
4,38,VNMC04
4,39,VNMC04
4,40,VNMC04
4,41,VNMC04
4,42,VNMC04
4,43,VNMC04
5,33,VNMC12
5,34,VNMC12
5,35,VNMC12
5,36,VNMC14
5,37,VNMC04
5,38,VNMC04
5,39,VNMC04
5,40,VNMC02
5,41,VNMC02
5,42,VNMC04
5,43,VNMC04
5,44,VNMC14
5,47,VNMC03
5,48,VNMC14
5,49,VNMC14
6,32,VNMC04
6,33,VNMC12
6,34,VNMC02
6,35,VNMC02
6,36,VNMC02
6,37,VNMC04
6,38,VNMC04
6,39,VNMC04
6,40,VNMC04
6,41,VNMC04
6,42,VNMC04
6,43,VNMC04
6,44,VNMC14
6,45,VNMC04
6,46,VNMC04
6,47,VNMC03
6,48,VNMC03
6,49,VNMC14
6,50,VNMC03
6,52,VNMC03
6,53,VNMC03
6,54,VNMC03
7,15,VNMC15
7,24,VNMC12
7,25,VNMC02
7,29,VNMC04
7,30,VNMC12
7,31,VNMC04
7,32,VNMC15
7,33,VNMC02
7,34,VNMC12
7,35,VNMC02
7,36,VNMC02
7,37,VNMC02
7,38,VNMC02
7,39,VNMC02
7,40,VNMC02
7,41,VNMC04
7,42,VNMC04
7,43,VNMC04
7,44,VNMC14
7,45,VNMC14
7,46,VNMC04
7,47,VNMC03
7,48,VNMC03
7,49,VNMC03
7,50,VNMC03
7,51,VNMC03
7,52,VNMC03
7,53,VNMC03
7,54,VNMC03
7,55,VNMC03
7,56,VNMC03
8,4,VNMC08
8,5,VNMC15
8,6,VNMC15
8,14,VNMC12
8,15,VNMC15
8,18,VNMC12
8,19,VNMC01
8,23,VNMC12
8,24,VNMC12
8,25,VNMC12
8,26,VNMC12
8,28,VNMC12
8,29,VNMC12
8,30,VNMC12
8,31,VNMC12
8,32,VNMC02
8,33,VNMC12
8,34,VNMC01
8,35,VNMC01
8,36,VNMC02
8,37,VNMC02
8,38,VNMC02
8,39,VNMC02
8,40,VNMC02
8,41,VNMC04
8,42,VNMC04
8,43,VNMC04
8,44,VNMC14
8,45,VNMC14
8,46,VNMC04
8,47,VNMC03
8,48,VNMC03
8,49,VNMC03
8,50,VNMC03
8,51,VNMC03
8,52,VNMC03
8,53,VNMC03
8,54,VNMC03
8,55,VNMC03
9,4,VNMC08
9,5,VNMC08
9,6,VNMC08
9,7,VNMC12
9,8,VNMC13
9,13,VNMC12
9,14,VNMC12
9,15,VNMC12
9,16,VNMC15
9,17,VNMC15
9,18,VNMC15
9,19,VNMC02
9,20,VNMC01
9,23,VNMC01
9,24,VNMC11
9,25,VNMC11
9,26,VNMC02
9,27,VNMC02
9,28,VNMC12
9,29,VNMC02
9,30,VNMC02
9,31,VNMC12
9,32,VNMC02
9,33,VNMC12
9,34,VNMC01
9,35,VNMC02
9,36,VNMC12
9,37,VNMC02
9,38,VNMC04
9,39,VNMC02
9,40,VNMC02
9,41,VNMC04
9,42,VNMC02
9,43,VNMC02
9,44,VNMC04
9,45,VNMC14
9,46,VNMC04
9,47,VNMC04
9,48,VNMC03
9,49,VNMC03
9,50,VNMC03
9,51,VNMC03
9,52,VNMC03
9,53,VNMC03
9,54,VNMC03
9,55,VNMC03
10,3,VNMC08
10,4,VNMC08
10,5,VNMC08
10,6,VNMC08
10,7,VNMC12
10,8,VNMC15
10,9,VNMC15
10,13,VNMC12
10,14,VNMC12
10,15,VNMC12
10,16,VNMC12
10,17,VNMC11
10,18,VNMC11
10,19,VNMC12
10,20,VNMC12
10,21,VNMC01
10,23,VNMC01
10,24,VNMC11
10,25,VNMC01
10,26,VNMC11
10,27,VNMC11
10,28,VNMC11
10,29,VNMC01
10,30,VNMC11
10,31,VNMC12
10,32,VNMC12
10,33,VNMC12
10,34,VNMC01
10,35,VNMC02
10,36,VNMC12
10,37,VNMC12
10,38,VNMC02
10,39,VNMC02
10,40,VNMC02
10,41,VNMC02
10,42,VNMC02
10,43,VNMC02
10,44,VNMC02
10,45,VNMC04
10,46,VNMC04
10,47,VNMC04
10,48,VNMC03
10,49,VNMC03
10,50,VNMC03
10,51,VNMC03
10,52,VNMC03
10,53,VNMC03
11,2,VNMC08
11,3,VNMC08
11,4,VNMC08
11,5,VNMC08
11,6,VNMC09
11,7,VNMC09
11,8,VNMC09
11,9,VNMC12
11,10,VNMC15
11,12,VNMC12
11,13,VNMC12
11,14,VNMC12
11,15,VNMC12
11,16,VNMC12
11,17,VNMC15
11,18,VNMC15
11,19,VNMC11
11,20,VNMC11
11,21,VNMC11
11,22,VNMC01
11,23,VNMC01
11,24,VNMC01
11,25,VNMC01
11,26,VNMC11
11,27,VNMC11
11,28,VNMC11
11,29,VNMC01
11,30,VNMC01
11,31,VNMC12
11,32,VNMC11
11,33,VNMC01
11,34,VNMC01
11,35,VNMC12
11,36,VNMC12
11,37,VNMC12
11,38,VNMC02
11,39,VNMC02
11,40,VNMC02
11,41,VNMC02
11,42,VNMC02
11,43,VNMC02
11,44,VNMC02
11,45,VNMC04
11,46,VNMC04
11,47,VNMC04
11,48,VNMC04
11,49,VNMC03
11,50,VNMC03
11,51,VNMC03
11,52,VNMC03
11,53,VNMC03
12,1,VNMC08
12,2,VNMC08
12,3,VNMC08
12,4,VNMC08
12,5,VNMC08
12,6,VNMC09
12,7,VNMC09
12,8,VNMC09
12,9,VNMC09
12,10,VNMC12
12,11,VNMC12
12,12,VNMC12
12,13,VNMC12
12,14,VNMC12
12,15,VNMC12
12,16,VNMC12
12,17,VNMC11
12,18,VNMC15
12,19,VNMC11
12,20,VNMC15
12,21,VNMC11
12,22,VNMC11
12,23,VNMC01
12,24,VNMC01
12,25,VNMC01
12,26,VNMC01
12,27,VNMC01
12,28,VNMC01
12,29,VNMC01
12,30,VNMC01
12,31,VNMC01
12,32,VNMC01
12,33,VNMC01
12,34,VNMC01
12,35,VNMC01
12,36,VNMC01
12,37,VNMC12
12,38,VNMC02
12,39,VNMC02
12,40,VNMC02
12,41,VNMC02
12,42,VNMC02
12,43,VNMC04
12,44,VNMC02
12,45,VNMC04
12,46,VNMC04
12,47,VNMC04
12,48,VNMC04
12,49,VNMC03
12,50,VNMC03
12,51,VNMC03
12,52,VNMC03
12,53,VNMC03
13,2,VNMC08
13,3,VNMC08
13,4,VNMC08
13,5,VNMC09
13,6,VNMC09
13,7,VNMC09
13,8,VNMC09
13,9,VNMC12
13,10,VNMC12
13,11,VNMC12
13,12,VNMC12
13,13,VNMC12
13,14,VNMC12
13,15,VNMC01
13,16,VNMC11
13,17,VNMC11
13,18,VNMC11
13,19,VNMC11
13,20,VNMC15
13,21,VNMC02
13,22,VNMC11
13,23,VNMC11
13,24,VNMC01
13,25,VNMC01
13,26,VNMC01
13,27,VNMC01
13,28,VNMC01
13,29,VNMC01
13,30,VNMC11
13,31,VNMC01
13,32,VNMC01
13,33,VNMC01
13,34,VNMC11
13,35,VNMC12
13,36,VNMC01
13,37,VNMC01
13,38,VNMC02
13,39,VNMC02
13,40,VNMC02
13,41,VNMC02
13,42,VNMC02
13,43,VNMC02
13,44,VNMC04
13,45,VNMC02
13,46,VNMC04
13,47,VNMC04
13,48,VNMC04
13,49,VNMC03
13,50,VNMC03
13,51,VNMC03
13,52,VNMC03
13,53,VNMC03
13,54,VNMC03
14,3,VNMC08
14,4,VNMC08
14,5,VNMC09
14,6,VNMC09
14,7,VNMC09
14,8,VNMC09
14,9,VNMC12
14,10,VNMC12
14,11,VNMC12
14,12,VNMC12
14,13,VNMC12
14,14,VNMC12
14,15,VNMC01
14,16,VNMC01
14,17,VNMC11
14,18,VNMC11
14,19,VNMC01
14,20,VNMC11
14,21,VNMC11
14,22,VNMC11
14,23,VNMC11
14,24,VNMC11
14,25,VNMC01
14,26,VNMC01
14,27,VNMC01
14,28,VNMC01
14,29,VNMC01
14,30,VNMC01
14,31,VNMC01
14,32,VNMC01
14,33,VNMC01
14,34,VNMC01
14,35,VNMC12
14,36,VNMC11
14,37,VNMC01
14,38,VNMC01
14,39,VNMC02
14,40,VNMC02
14,41,VNMC02
14,42,VNMC02
14,43,VNMC02
14,44,VNMC02
14,45,VNMC02
14,46,VNMC04
14,47,VNMC04
14,48,VNMC04
14,49,VNMC03
14,50,VNMC03
14,51,VNMC03
14,52,VNMC03
14,53,VNMC03
14,54,VNMC03
15,4,VNMC08
15,5,VNMC09
15,6,VNMC09
15,7,VNMC09
15,8,VNMC09
15,9,VNMC12
15,10,VNMC12
15,11,VNMC12
15,12,VNMC12
15,13,VNMC12
15,14,VNMC12
15,15,VNMC12
15,16,VNMC01
15,17,VNMC11
15,18,VNMC11
15,19,VNMC11
15,20,VNMC11
15,21,VNMC11
15,22,VNMC15
15,23,VNMC02
15,24,VNMC11
15,25,VNMC01
15,26,VNMC01
15,27,VNMC01
15,28,VNMC01
15,29,VNMC11
15,30,VNMC01
15,31,VNMC01
15,32,VNMC01
15,33,VNMC01
15,34,VNMC01
15,35,VNMC01
15,36,VNMC01
15,37,VNMC01
15,38,VNMC01
15,39,VNMC02
15,40,VNMC02
15,41,VNMC02
15,42,VNMC02
15,43,VNMC02
15,44,VNMC02
15,45,VNMC02
15,46,VNMC04
15,47,VNMC04
15,48,VNMC04
15,49,VNMC04
15,50,VNMC03
15,51,VNMC03
15,52,VNMC03
15,53,VNMC03
15,54,VNMC03
16,5,VNMC08
16,6,VNMC09
16,7,VNMC09
16,8,VNMC09
16,9,VNMC12
16,10,VNMC12
16,11,VNMC12
16,12,VNMC12
16,13,VNMC12
16,14,VNMC12
16,15,VNMC12
16,16,VNMC01
16,17,VNMC12
16,18,VNMC11
16,19,VNMC11
16,20,VNMC11
16,21,VNMC01
16,22,VNMC11
16,23,VNMC11
16,24,VNMC01
16,25,VNMC11
16,26,VNMC01
16,27,VNMC01
16,28,VNMC01
16,29,VNMC01
16,30,VNMC11
16,31,VNMC01
16,32,VNMC01
16,33,VNMC01
16,34,VNMC01
16,35,VNMC01
16,36,VNMC01
16,37,VNMC01
16,38,VNMC02
16,39,VNMC02
16,40,VNMC02
16,41,VNMC02
16,42,VNMC02
16,43,VNMC02
16,44,VNMC02
16,45,VNMC02
16,46,VNMC04
16,47,VNMC04
16,48,VNMC04
16,49,VNMC04
16,50,VNMC03
16,51,VNMC03
16,52,VNMC03
16,53,VNMC03
16,54,VNMC03
17,5,VNMC08
17,6,VNMC08
17,7,VNMC09
17,8,VNMC09
17,9,VNMC09
17,10,VNMC12
17,11,VNMC12
17,12,VNMC12
17,13,VNMC12
17,14,VNMC12
17,15,VNMC12
17,16,VNMC12
17,17,VNMC01
17,18,VNMC11
17,19,VNMC11
17,20,VNMC01
17,21,VNMC11
17,22,VNMC11
17,23,VNMC11
17,24,VNMC11
17,25,VNMC11
17,26,VNMC02
17,27,VNMC11
17,28,VNMC01
17,29,VNMC01
17,30,VNMC01
17,31,VNMC11
17,32,VNMC01
17,33,VNMC01
17,34,VNMC01
17,35,VNMC01
17,36,VNMC01
17,37,VNMC01
17,38,VNMC12
17,39,VNMC02
17,40,VNMC02
17,41,VNMC02
17,42,VNMC02
17,43,VNMC02
17,44,VNMC02
17,45,VNMC04
17,46,VNMC04
17,47,VNMC04
17,48,VNMC04
17,49,VNMC04
17,50,VNMC03
17,51,VNMC04
17,52,VNMC03
17,53,VNMC03
17,54,VNMC03
17,55,VNMC03
17,56,VNMC03
17,57,VNMC03
18,7,VNMC09
18,8,VNMC09
18,9,VNMC09
18,10,VNMC12
18,11,VNMC12
18,12,VNMC12
18,13,VNMC12
18,14,VNMC12
18,15,VNMC12
18,16,VNMC12
18,17,VNMC01
18,18,VNMC12
18,19,VNMC11
18,20,VNMC11
18,21,VNMC11
18,22,VNMC11
18,23,VNMC11
18,24,VNMC11
18,25,VNMC15
18,26,VNMC11
18,27,VNMC11
18,28,VNMC01
18,29,VNMC11
18,30,VNMC01
18,31,VNMC01
18,32,VNMC01
18,33,VNMC01
18,34,VNMC01
18,35,VNMC01
18,36,VNMC01
18,37,VNMC01
18,38,VNMC12
18,39,VNMC02
18,40,VNMC02
18,41,VNMC02
18,42,VNMC02
18,43,VNMC02
18,44,VNMC02
18,45,VNMC02
18,46,VNMC04
18,47,VNMC04
18,48,VNMC04
18,49,VNMC04
18,50,VNMC04
18,51,VNMC04
18,52,VNMC03
18,53,VNMC03
18,54,VNMC03
18,55,VNMC03
18,56,VNMC03
18,57,VNMC04
18,58,VNMC04
19,7,VNMC08
19,8,VNMC09
19,9,VNMC09
19,10,VNMC09
19,11,VNMC12
19,12,VNMC12
19,13,VNMC12
19,14,VNMC12
19,15,VNMC12
19,16,VNMC12
19,17,VNMC12
19,18,VNMC12
19,19,VNMC11
19,20,VNMC11
19,21,VNMC11
19,22,VNMC11
19,23,VNMC11
19,24,VNMC11
19,25,VNMC02
19,26,VNMC11
19,27,VNMC11
19,28,VNMC11
19,29,VNMC11
19,30,VNMC01
19,31,VNMC01
19,32,VNMC01
19,33,VNMC01
19,34,VNMC01
19,35,VNMC01
19,36,VNMC01
19,37,VNMC01
19,38,VNMC01
19,39,VNMC02
19,40,VNMC02
19,41,VNMC02
19,42,VNMC02
19,43,VNMC02
19,44,VNMC02
19,45,VNMC02
19,46,VNMC04
19,47,VNMC04
19,48,VNMC04
19,49,VNMC04
19,50,VNMC04
19,51,VNMC04
19,52,VNMC04
19,53,VNMC04
19,54,VNMC04
19,55,VNMC04
19,56,VNMC04
19,57,VNMC04
19,58,VNMC04
19,59,VNMC04
20,7,VNMC08
20,8,VNMC08
20,10,VNMC09
20,11,VNMC09
20,12,VNMC12
20,13,VNMC12
20,14,VNMC12
20,15,VNMC12
20,16,VNMC12
20,17,VNMC12
20,18,VNMC01
20,19,VNMC12
20,20,VNMC12
20,21,VNMC11
20,22,VNMC11
20,23,VNMC11
20,24,VNMC11
20,25,VNMC11
20,26,VNMC11
20,27,VNMC11
20,28,VNMC11
20,29,VNMC11
20,30,VNMC11
20,31,VNMC11
20,32,VNMC01
20,33,VNMC01
20,34,VNMC01
20,35,VNMC01
20,36,VNMC01
20,37,VNMC01
20,38,VNMC01
20,39,VNMC02
20,40,VNMC02
20,41,VNMC02
20,42,VNMC02
20,43,VNMC04
20,44,VNMC04
20,45,VNMC04
20,46,VNMC04
20,47,VNMC04
20,48,VNMC04
20,49,VNMC04
20,50,VNMC04
20,51,VNMC04
20,52,VNMC04
20,53,VNMC04
20,54,VNMC04
20,55,VNMC04
20,56,VNMC04
20,57,VNMC04
20,58,VNMC04
20,59,VNMC04
20,60,VNMC04
20,61,VNMC04
20,62,VNMC04
21,11,VNMC09
21,12,VNMC12
21,13,VNMC12
21,14,VNMC12
21,15,VNMC12
21,16,VNMC12
21,17,VNMC12
21,18,VNMC12
21,19,VNMC01
21,20,VNMC12
21,21,VNMC12
21,22,VNMC01
21,23,VNMC11
21,24,VNMC11
21,25,VNMC11
21,26,VNMC15
21,27,VNMC11
21,28,VNMC12
21,29,VNMC01
21,30,VNMC11
21,31,VNMC12
21,32,VNMC01
21,33,VNMC01
21,34,VNMC01
21,35,VNMC01
21,36,VNMC01
21,37,VNMC01
21,38,VNMC01
21,39,VNMC02
21,40,VNMC02
21,41,VNMC02
21,42,VNMC04
21,43,VNMC04
21,44,VNMC04
21,45,VNMC04
21,46,VNMC04
21,47,VNMC04
21,48,VNMC04
21,49,VNMC04
21,50,VNMC03
21,51,VNMC03
21,52,VNMC04
21,53,VNMC04
21,54,VNMC04
21,55,VNMC04
21,56,VNMC04
21,57,VNMC04
21,58,VNMC04
21,59,VNMC04
21,60,VNMC04
21,61,VNMC04
21,62,VNMC04
21,63,VNMC04
21,64,VNMC04
21,68,VNMC02
21,69,VNMC02
22,10,VNMC09
22,11,VNMC08
22,12,VNMC08
22,13,VNMC09
22,14,VNMC09
22,15,VNMC12
22,16,VNMC12
22,17,VNMC12
22,18,VNMC12
22,19,VNMC12
22,20,VNMC12
22,21,VNMC01
22,22,VNMC01
22,23,VNMC12
22,24,VNMC12
22,25,VNMC15
22,26,VNMC15
22,27,VNMC02
22,28,VNMC12
22,29,VNMC01
22,30,VNMC12
22,31,VNMC12
22,32,VNMC01
22,33,VNMC01
22,34,VNMC01
22,35,VNMC01
22,36,VNMC01
22,37,VNMC01
22,38,VNMC01
22,39,VNMC02
22,40,VNMC02
22,41,VNMC02
22,42,VNMC04
22,43,VNMC04
22,44,VNMC04
22,45,VNMC04
22,46,VNMC04
22,47,VNMC04
22,48,VNMC04
22,49,VNMC04
22,50,VNMC04
22,51,VNMC03
22,52,VNMC03
22,53,VNMC03
22,54,VNMC03
22,55,VNMC04
22,56,VNMC04
22,57,VNMC04
22,58,VNMC04
22,59,VNMC04
22,60,VNMC04
22,61,VNMC04
22,62,VNMC04
22,63,VNMC04
22,64,VNMC04
22,65,VNMC04
22,66,VNMC04
22,67,VNMC02
22,68,VNMC02
22,69,VNMC02
22,70,VNMC02
23,10,VNMC08
23,11,VNMC09
23,12,VNMC08
23,13,VNMC08
23,14,VNMC09
23,15,VNMC09
23,16,VNMC12
23,17,VNMC12
23,18,VNMC12
23,19,VNMC12
23,20,VNMC12
23,21,VNMC12
23,22,VNMC12
23,23,VNMC01
23,24,VNMC12
23,25,VNMC12
23,26,VNMC15
23,27,VNMC12
23,28,VNMC12
23,29,VNMC12
23,30,VNMC02
23,31,VNMC12
23,32,VNMC01
23,33,VNMC01
23,34,VNMC01
23,35,VNMC01
23,36,VNMC01
23,37,VNMC01
23,38,VNMC01
23,39,VNMC02
23,40,VNMC04
23,41,VNMC04
23,42,VNMC02
23,43,VNMC04
23,44,VNMC04
23,45,VNMC04
23,46,VNMC04
23,47,VNMC04
23,48,VNMC04
23,49,VNMC04
23,50,VNMC03
23,51,VNMC03
23,52,VNMC03
23,53,VNMC03
23,54,VNMC03
23,55,VNMC03
23,56,VNMC03
23,57,VNMC04
23,58,VNMC04
23,59,VNMC04
23,60,VNMC04
23,61,VNMC04
23,62,VNMC04
23,63,VNMC04
23,64,VNMC04
23,65,VNMC04
23,66,VNMC02
23,67,VNMC02
23,68,VNMC02
23,69,VNMC02
23,70,VNMC02
23,71,VNMC02
24,10,VNMC09
24,11,VNMC09
24,12,VNMC08
24,13,VNMC08
24,14,VNMC08
24,15,VNMC09
24,16,VNMC12
24,17,VNMC12
24,18,VNMC12
24,19,VNMC12
24,20,VNMC12
24,21,VNMC12
24,22,VNMC12
24,23,VNMC12
24,24,VNMC12
24,25,VNMC12
24,26,VNMC11
24,27,VNMC15
24,28,VNMC15
24,29,VNMC11
24,30,VNMC12
24,31,VNMC12
24,32,VNMC12
24,33,VNMC12
24,34,VNMC12
24,35,VNMC01
24,36,VNMC01
24,37,VNMC01
24,38,VNMC02
24,39,VNMC04
24,40,VNMC04
24,41,VNMC04
24,42,VNMC04
24,43,VNMC04
24,44,VNMC04
24,45,VNMC04
24,46,VNMC04
24,47,VNMC04
24,48,VNMC04
24,49,VNMC03
24,50,VNMC03
24,51,VNMC03
24,52,VNMC03
24,53,VNMC03
24,54,VNMC03
24,55,VNMC03
24,56,VNMC03
24,57,VNMC03
24,58,VNMC03
24,59,VNMC04
24,60,VNMC04
24,61,VNMC04
24,62,VNMC04
24,63,VNMC04
24,64,VNMC04
24,65,VNMC04
24,66,VNMC04
24,67,VNMC04
24,68,VNMC02
24,69,VNMC02
24,70,VNMC02
25,9,VNMC09
25,10,VNMC09
25,11,VNMC09
25,12,VNMC08
25,13,VNMC08
25,14,VNMC08
25,15,VNMC09
25,16,VNMC09
25,17,VNMC09
25,18,VNMC12
25,19,VNMC12
25,20,VNMC12
25,21,VNMC12
25,22,VNMC12
25,23,VNMC12
25,24,VNMC12
25,25,VNMC02
25,26,VNMC12
25,27,VNMC12
25,28,VNMC12
25,29,VNMC12
25,30,VNMC12
25,31,VNMC12
25,32,VNMC12
25,33,VNMC12
25,34,VNMC12
25,35,VNMC12
25,36,VNMC02
25,37,VNMC02
25,38,VNMC02
25,39,VNMC04
25,40,VNMC04
25,41,VNMC04
25,42,VNMC04
25,43,VNMC04
25,44,VNMC04
25,45,VNMC04
25,46,VNMC04
25,47,VNMC04
25,48,VNMC03
25,49,VNMC03
25,50,VNMC03
25,51,VNMC03
25,52,VNMC03
25,53,VNMC03
25,54,VNMC03
25,55,VNMC03
25,56,VNMC03
25,57,VNMC03
25,58,VNMC04
25,59,VNMC04
25,60,VNMC04
25,61,VNMC04
25,62,VNMC04
25,63,VNMC04
25,64,VNMC04
25,65,VNMC04
25,66,VNMC04
25,67,VNMC04
25,68,VNMC04
26,10,VNMC08
26,11,VNMC09
26,12,VNMC08
26,13,VNMC08
26,14,VNMC09
26,15,VNMC09
26,16,VNMC09
26,17,VNMC09
26,18,VNMC09
26,19,VNMC09
26,20,VNMC12
26,21,VNMC12
26,22,VNMC12
26,23,VNMC12
26,24,VNMC12
26,25,VNMC12
26,26,VNMC12
26,27,VNMC12
26,28,VNMC12
26,29,VNMC12
26,30,VNMC02
26,31,VNMC12
26,32,VNMC12
26,33,VNMC12
26,34,VNMC02
26,35,VNMC02
26,36,VNMC02
26,37,VNMC02
26,38,VNMC02
26,39,VNMC04
26,40,VNMC04
26,41,VNMC04
26,42,VNMC04
26,43,VNMC04
26,44,VNMC04
26,45,VNMC03
26,46,VNMC03
26,47,VNMC03
26,48,VNMC03
26,49,VNMC03
26,50,VNMC03
26,51,VNMC03
26,52,VNMC03
26,53,VNMC03
26,54,VNMC03
26,55,VNMC03
26,56,VNMC03
26,57,VNMC03
26,58,VNMC04
26,59,VNMC04
26,60,VNMC04
26,61,VNMC04
26,62,VNMC04
26,63,VNMC04
26,64,VNMC04
26,65,VNMC04
26,66,VNMC04
26,67,VNMC04
26,70,VNMC04
27,10,VNMC08
27,11,VNMC08
27,12,VNMC09
27,13,VNMC08
27,14,VNMC08
27,15,VNMC08
27,16,VNMC09
27,17,VNMC09
27,18,VNMC09
27,19,VNMC09
27,20,VNMC09
27,21,VNMC09
27,22,VNMC12
27,23,VNMC12
27,24,VNMC12
27,25,VNMC12
27,26,VNMC12
27,27,VNMC09
27,28,VNMC09
27,29,VNMC12
27,30,VNMC12
27,31,VNMC12
27,32,VNMC12
27,33,VNMC12
27,34,VNMC09
27,35,VNMC02
27,36,VNMC02
27,37,VNMC09
27,38,VNMC02
27,39,VNMC02
27,40,VNMC04
27,41,VNMC04
27,42,VNMC04
27,43,VNMC04
27,44,VNMC03
27,45,VNMC03
27,46,VNMC03
27,47,VNMC03
27,48,VNMC03
27,49,VNMC03
27,50,VNMC03
27,51,VNMC03
27,52,VNMC03
27,53,VNMC03
27,54,VNMC03
27,55,VNMC03
27,56,VNMC03
27,57,VNMC03
27,58,VNMC04
27,59,VNMC04
27,60,VNMC04
27,61,VNMC04
27,62,VNMC03
27,63,VNMC03
27,64,VNMC03
27,65,VNMC03
27,66,VNMC03
27,68,VNMC04
28,11,VNMC08
28,12,VNMC08
28,13,VNMC08
28,14,VNMC08
28,15,VNMC08
28,16,VNMC08
28,17,VNMC08
28,18,VNMC08
28,19,VNMC09
28,20,VNMC09
28,21,VNMC09
28,22,VNMC09
28,23,VNMC09
28,24,VNMC12
28,25,VNMC09
28,26,VNMC09
28,27,VNMC09
28,28,VNMC12
28,29,VNMC09
28,30,VNMC02
28,31,VNMC09
28,32,VNMC09
28,33,VNMC09
28,34,VNMC09
28,35,VNMC09
28,36,VNMC09
28,37,VNMC09
28,38,VNMC02
28,39,VNMC09
28,40,VNMC04
28,41,VNMC04
28,42,VNMC04
28,43,VNMC04
28,44,VNMC03
28,45,VNMC03
28,46,VNMC03
28,47,VNMC03
28,48,VNMC03
28,49,VNMC03
28,50,VNMC03
28,51,VNMC03
28,52,VNMC03
28,53,VNMC03
28,54,VNMC03
28,55,VNMC03
28,56,VNMC03
28,57,VNMC03
28,58,VNMC03
28,59,VNMC03
28,60,VNMC03
28,61,VNMC03
28,62,VNMC03
28,63,VNMC03
28,64,VNMC03
28,65,VNMC03
28,66,VNMC03
28,67,VNMC03
28,68,VNMC03
28,69,VNMC03
29,12,VNMC08
29,13,VNMC08
29,14,VNMC08
29,15,VNMC08
29,16,VNMC08
29,17,VNMC08
29,18,VNMC08
29,19,VNMC08
29,20,VNMC09
29,21,VNMC09
29,22,VNMC09
29,23,VNMC09
29,25,VNMC09
29,26,VNMC09
29,27,VNMC09
29,28,VNMC09
29,29,VNMC12
29,30,VNMC09
29,31,VNMC09
29,32,VNMC09
29,33,VNMC09
29,34,VNMC09
29,35,VNMC09
29,36,VNMC09
29,37,VNMC09
29,38,VNMC02
29,39,VNMC09
29,40,VNMC09
29,41,VNMC04
29,42,VNMC04
29,43,VNMC04
29,44,VNMC03
29,45,VNMC03
29,46,VNMC03
29,47,VNMC03
29,48,VNMC03
29,49,VNMC03
29,50,VNMC03
29,51,VNMC03
29,52,VNMC03
29,53,VNMC03
29,54,VNMC03
29,55,VNMC03
29,56,VNMC03
29,57,VNMC03
29,58,VNMC03
29,59,VNMC03
29,60,VNMC03
29,61,VNMC03
29,62,VNMC03
29,63,VNMC03
29,64,VNMC03
29,65,VNMC03
29,67,VNMC03
29,68,VNMC03
30,13,VNMC08
30,14,VNMC08
30,15,VNMC08
30,16,VNMC08
30,17,VNMC08
30,18,VNMC08
30,19,VNMC08
30,20,VNMC08
30,21,VNMC09
30,27,VNMC09
30,28,VNMC09
30,29,VNMC09
30,30,VNMC09
30,31,VNMC09
30,32,VNMC09
30,33,VNMC09
30,34,VNMC09
30,35,VNMC09
30,36,VNMC09
30,37,VNMC09
30,38,VNMC09
30,39,VNMC09
30,40,VNMC09
30,41,VNMC04
30,42,VNMC04
30,43,VNMC04
30,44,VNMC03
30,45,VNMC03
30,46,VNMC03
30,47,VNMC03
30,48,VNMC03
30,49,VNMC03
30,50,VNMC03
30,51,VNMC03
30,52,VNMC03
30,53,VNMC03
30,54,VNMC03
30,55,VNMC03
30,56,VNMC03
30,57,VNMC03
30,58,VNMC03
30,59,VNMC03
30,60,VNMC03
30,61,VNMC03
30,62,VNMC03
30,63,VNMC03
30,64,VNMC03
30,65,VNMC03
31,17,VNMC08
31,18,VNMC08
31,19,VNMC08
31,28,VNMC08
31,29,VNMC08
31,30,VNMC08
31,31,VNMC08
31,32,VNMC08
31,33,VNMC08
31,34,VNMC09
31,35,VNMC09
31,36,VNMC09
31,37,VNMC09
31,38,VNMC09
31,39,VNMC09
31,40,VNMC09
31,41,VNMC09
31,42,VNMC03
31,43,VNMC03
31,44,VNMC03
31,45,VNMC03
31,46,VNMC03
31,47,VNMC03
31,48,VNMC03
31,49,VNMC03
31,50,VNMC03
31,51,VNMC03
31,52,VNMC03
31,53,VNMC03
31,54,VNMC03
31,55,VNMC03
31,56,VNMC03
31,57,VNMC03
31,58,VNMC03
31,59,VNMC03
31,60,VNMC03
31,63,VNMC03
31,64,VNMC03
32,19,VNMC08
32,29,VNMC08
32,30,VNMC08
32,31,VNMC09
32,32,VNMC09
32,33,VNMC08
32,34,VNMC09
32,35,VNMC09
32,36,VNMC09
32,37,VNMC09
32,38,VNMC09
32,39,VNMC09
32,40,VNMC09
32,41,VNMC09
32,42,VNMC09
32,43,VNMC03
32,44,VNMC03
32,45,VNMC03
32,46,VNMC03
32,47,VNMC03
32,48,VNMC03
32,49,VNMC03
32,50,VNMC03
32,51,VNMC03
32,52,VNMC03
32,53,VNMC03
32,54,VNMC03
32,55,VNMC03
32,56,VNMC03
32,58,VNMC03
32,59,VNMC03
32,60,VNMC03
32,64,VNMC03
33,30,VNMC08
33,31,VNMC09
33,32,VNMC09
33,33,VNMC09
33,34,VNMC09
33,35,VNMC09
33,36,VNMC08
33,37,VNMC09
33,38,VNMC09
33,39,VNMC08
33,40,VNMC08
33,41,VNMC09
33,42,VNMC09
33,43,VNMC03
33,44,VNMC03
33,45,VNMC03
33,46,VNMC03
33,47,VNMC03
33,48,VNMC03
33,49,VNMC03
33,50,VNMC03
33,51,VNMC03
33,52,VNMC03
33,53,VNMC03
33,54,VNMC03
33,55,VNMC03
34,30,VNMC09
34,31,VNMC09
34,32,VNMC09
34,33,VNMC08
34,34,VNMC09
34,35,VNMC09
34,36,VNMC08
34,37,VNMC08
34,38,VNMC09
34,39,VNMC09
34,40,VNMC09
34,41,VNMC09
34,42,VNMC09
34,43,VNMC09
34,44,VNMC03
34,45,VNMC03
34,46,VNMC03
34,47,VNMC03
34,48,VNMC03
34,49,VNMC03
34,50,VNMC03
34,51,VNMC03
34,52,VNMC03
34,53,VNMC03
34,54,VNMC03
35,28,VNMC09
35,29,VNMC08
35,30,VNMC08
35,31,VNMC08
35,32,VNMC09
35,33,VNMC09
35,34,VNMC09
35,35,VNMC09
35,36,VNMC08
35,37,VNMC09
35,38,VNMC08
35,39,VNMC09
35,40,VNMC09
35,41,VNMC09
35,42,VNMC09
35,43,VNMC09
35,44,VNMC09
35,45,VNMC03
35,46,VNMC03
35,47,VNMC03
35,48,VNMC03
35,49,VNMC03
35,50,VNMC03
35,51,VNMC03
35,52,VNMC03
35,53,VNMC03
35,54,VNMC03
36,31,VNMC08
36,32,VNMC08
36,33,VNMC09
36,34,VNMC09
36,35,VNMC09
36,36,VNMC09
36,37,VNMC09
36,38,VNMC09
36,39,VNMC09
36,40,VNMC09
36,41,VNMC09
36,42,VNMC09
36,43,VNMC09
36,44,VNMC09
36,45,VNMC09
36,46,VNMC03
36,47,VNMC03
36,48,VNMC03
36,49,VNMC03
36,50,VNMC03
36,51,VNMC03
36,52,VNMC03
36,53,VNMC03
36,54,VNMC03
37,31,VNMC09
37,32,VNMC09
37,33,VNMC09
37,34,VNMC09
37,35,VNMC09
37,36,VNMC09
37,37,VNMC09
37,38,VNMC09
37,39,VNMC09
37,40,VNMC09
37,41,VNMC09
37,42,VNMC09
37,43,VNMC09
37,44,VNMC09
37,45,VNMC09
37,46,VNMC09
37,47,VNMC03
37,48,VNMC03
37,49,VNMC03
37,50,VNMC03
37,51,VNMC03
37,52,VNMC03
37,53,VNMC03
38,34,VNMC09
38,35,VNMC08
38,36,VNMC09
38,37,VNMC09
38,38,VNMC09
38,39,VNMC09
38,40,VNMC09
38,41,VNMC09
38,42,VNMC09
38,43,VNMC09
38,44,VNMC09
38,45,VNMC09
38,46,VNMC09
38,47,VNMC09
38,48,VNMC03
38,49,VNMC03
38,50,VNMC03
38,51,VNMC03
38,52,VNMC03
38,53,VNMC03
39,34,VNMC08
39,35,VNMC08
39,36,VNMC08
39,37,VNMC09
39,38,VNMC09
39,39,VNMC09
39,40,VNMC09
39,41,VNMC09
39,42,VNMC09
39,43,VNMC09
39,44,VNMC09
39,45,VNMC09
39,46,VNMC09
39,47,VNMC09
39,48,VNMC09
39,49,VNMC09
39,50,VNMC09
39,51,VNMC09
39,67,VNMC03
40,35,VNMC07
40,36,VNMC07
40,37,VNMC07
40,38,VNMC07
40,39,VNMC09
40,40,VNMC07
40,41,VNMC09
40,42,VNMC09
40,43,VNMC09
40,44,VNMC09
40,45,VNMC09
40,46,VNMC09
40,47,VNMC09
40,48,VNMC09
40,49,VNMC09
40,50,VNMC09
41,33,VNMC08
41,34,VNMC08
41,35,VNMC07
41,36,VNMC07
41,37,VNMC09
41,38,VNMC07
41,39,VNMC07
41,40,VNMC07
41,41,VNMC07
41,42,VNMC09
41,43,VNMC09
41,44,VNMC09
41,45,VNMC09
41,46,VNMC09
41,47,VNMC09
41,48,VNMC09
41,49,VNMC09
42,33,VNMC07
42,34,VNMC07
42,35,VNMC07
42,36,VNMC07
42,37,VNMC07
42,38,VNMC09
42,39,VNMC07
42,40,VNMC07
42,41,VNMC07
42,42,VNMC07
42,43,VNMC09
42,44,VNMC09
42,45,VNMC09
42,46,VNMC09
43,33,VNMC07
43,34,VNMC07
43,35,VNMC07
43,36,VNMC07
43,37,VNMC07
43,38,VNMC09
43,39,VNMC07
43,40,VNMC09
43,41,VNMC07
43,42,VNMC07
43,43,VNMC07
43,44,VNMC09
43,45,VNMC09
43,46,VNMC09
44,31,VNMC08
44,32,VNMC07
44,33,VNMC07
44,34,VNMC07
44,35,VNMC07
44,36,VNMC07
44,37,VNMC07
44,38,VNMC07
44,39,VNMC07
44,40,VNMC07
44,41,VNMC09
44,42,VNMC07
44,43,VNMC07
44,44,VNMC07
44,45,VNMC09
45,24,VNMC07
45,25,VNMC07
45,26,VNMC07
45,27,VNMC07
45,28,VNMC07
45,30,VNMC08
45,31,VNMC07
45,32,VNMC07
45,33,VNMC07
45,34,VNMC07
45,35,VNMC07
45,36,VNMC07
45,37,VNMC07
45,38,VNMC07
45,39,VNMC07
45,40,VNMC07
45,41,VNMC07
45,42,VNMC07
45,43,VNMC07
45,44,VNMC07
46,24,VNMC07
46,25,VNMC07
46,26,VNMC07
46,27,VNMC07
46,28,VNMC07
46,29,VNMC07
46,30,VNMC07
46,31,VNMC07
46,32,VNMC07
46,33,VNMC07
46,34,VNMC07
46,35,VNMC07
46,36,VNMC07
46,37,VNMC07
46,38,VNMC07
46,39,VNMC07
46,40,VNMC07
46,41,VNMC07
46,42,VNMC07
46,43,VNMC07
46,44,VNMC07
47,24,VNMC07
47,25,VNMC07
47,26,VNMC07
47,27,VNMC07
47,28,VNMC07
47,29,VNMC07
47,30,VNMC07
47,31,VNMC07
47,32,VNMC07
47,33,VNMC07
47,34,VNMC07
47,35,VNMC07
47,36,VNMC07
47,37,VNMC07
47,38,VNMC07
47,39,VNMC07
47,40,VNMC07
47,41,VNMC07
47,42,VNMC07
47,43,VNMC07
47,44,VNMC07
48,23,VNMC07
48,24,VNMC07
48,25,VNMC07
48,26,VNMC07
48,27,VNMC07
48,28,VNMC07
48,29,VNMC07
48,30,VNMC07
48,31,VNMC07
48,32,VNMC07
48,33,VNMC07
48,34,VNMC07
48,35,VNMC07
48,36,VNMC07
48,37,VNMC07
48,38,VNMC07
48,39,VNMC07
48,40,VNMC07
48,41,VNMC07
48,42,VNMC07
48,43,VNMC07
48,44,VNMC07
48,46,VNMC07
49,22,VNMC07
49,23,VNMC07
49,24,VNMC07
49,25,VNMC07
49,26,VNMC07
49,27,VNMC07
49,28,VNMC07
49,29,VNMC07
49,30,VNMC07
49,31,VNMC07
49,32,VNMC07
49,33,VNMC07
49,34,VNMC07
49,35,VNMC07
49,36,VNMC07
49,37,VNMC07
49,38,VNMC07
49,39,VNMC07
49,40,VNMC07
49,41,VNMC07
49,42,VNMC07
49,43,VNMC07
49,44,VNMC07
50,25,VNMC08
50,26,VNMC07
50,27,VNMC07
50,28,VNMC07
50,29,VNMC07
50,30,VNMC07
50,31,VNMC07
50,32,VNMC07
50,33,VNMC07
50,34,VNMC07
50,35,VNMC07
50,36,VNMC07
50,37,VNMC07
50,38,VNMC07
50,39,VNMC07
50,40,VNMC07
50,41,VNMC07
50,42,VNMC07
50,43,VNMC07
50,44,VNMC07
51,26,VNMC07
51,27,VNMC07
51,28,VNMC07
51,29,VNMC07
51,30,VNMC07
51,31,VNMC07
51,32,VNMC07
51,33,VNMC07
51,34,VNMC07
51,35,VNMC07
51,36,VNMC07
51,37,VNMC07
51,38,VNMC07
51,39,VNMC07
51,40,VNMC07
51,41,VNMC07
51,42,VNMC07
51,43,VNMC07
52,28,VNMC07
52,29,VNMC07
52,30,VNMC07
52,31,VNMC07
52,32,VNMC07
52,33,VNMC07
52,34,VNMC07
52,35,VNMC07
52,36,VNMC07
52,37,VNMC07
52,38,VNMC07
52,39,VNMC07
52,40,VNMC07
52,41,VNMC07
52,42,VNMC07
53,30,VNMC07
53,31,VNMC07
53,32,VNMC07
53,33,VNMC07
53,34,VNMC07
53,35,VNMC07
53,36,VNMC07
53,37,VNMC07
53,38,VNMC07
53,39,VNMC07
53,40,VNMC07
53,41,VNMC07
53,42,VNMC07
54,31,VNMC07
54,32,VNMC07
54,33,VNMC07
54,34,VNMC07
54,35,VNMC07
54,36,VNMC07
54,37,VNMC07
54,38,VNMC07
54,39,VNMC07
54,40,VNMC07
54,41,VNMC07
54,42,VNMC07
54,43,VNMC07
55,33,VNMC07
55,34,VNMC07
55,35,VNMC07
55,36,VNMC07
55,37,VNMC07
55,38,VNMC07
55,39,VNMC07
55,40,VNMC07
55,41,VNMC07
55,42,VNMC07
55,43,VNMC07
55,44,VNMC07
56,36,VNMC07
56,37,VNMC07
56,38,VNMC07
56,39,VNMC07
56,40,VNMC07
56,41,VNMC07
56,42,VNMC07
56,43,VNMC07
56,44,VNMC07
57,37,VNMC07
57,38,VNMC07
57,39,VNMC07
57,40,VNMC07
57,41,VNMC07
57,42,VNMC07
57,43,VNMC07
57,44,VNMC07
58,37,VNMC07
58,38,VNMC07
58,39,VNMC07
58,40,VNMC07
58,41,VNMC07
58,42,VNMC07
58,43,VNMC07
58,44,VNMC07
58,45,VNMC07
59,36,VNMC07
59,37,VNMC07
59,38,VNMC07
59,39,VNMC07
59,40,VNMC07
59,41,VNMC07
59,42,VNMC07
59,43,VNMC07
59,44,VNMC07
59,45,VNMC07
59,46,VNMC07
60,37,VNMC07
60,38,VNMC07
60,39,VNMC07
60,40,VNMC07
60,41,VNMC07
60,42,VNMC07
60,43,VNMC07
60,44,VNMC07
60,45,VNMC07
60,46,VNMC07
60,47,VNMC07
61,38,VNMC07
61,39,VNMC07
61,40,VNMC07
61,41,VNMC07
61,42,VNMC07
61,43,VNMC07
61,44,VNMC07
61,45,VNMC07
61,46,VNMC07
61,47,VNMC07
61,48,VNMC07
61,49,VNMC07
62,39,VNMC07
62,40,VNMC08
62,41,VNMC07
62,42,VNMC07
62,43,VNMC07
62,44,VNMC07
62,45,VNMC07
62,46,VNMC07
62,47,VNMC07
62,48,VNMC07
62,49,VNMC07
62,50,VNMC07
63,41,VNMC07
63,42,VNMC07
63,43,VNMC07
63,44,VNMC07
63,45,VNMC07
63,46,VNMC07
63,47,VNMC07
63,48,VNMC07
63,49,VNMC07
63,50,VNMC07
63,51,VNMC07
63,52,VNMC07
64,42,VNMC07
64,43,VNMC07
64,44,VNMC07
64,45,VNMC07
64,46,VNMC07
64,47,VNMC07
64,48,VNMC07
64,49,VNMC07
64,50,VNMC07
64,51,VNMC07
64,52,VNMC07
65,43,VNMC07
65,44,VNMC07
65,45,VNMC07
65,46,VNMC07
65,47,VNMC07
65,48,VNMC07
65,49,VNMC07
65,50,VNMC07
65,51,VNMC07
65,52,VNMC07
65,53,VNMC07
66,43,VNMC07
66,44,VNMC07
66,45,VNMC07
66,46,VNMC07
66,47,VNMC07
66,48,VNMC07
66,49,VNMC07
66,50,VNMC07
66,51,VNMC07
66,52,VNMC07
67,43,VNMC07
67,44,VNMC07
67,45,VNMC07
67,46,VNMC07
67,47,VNMC07
67,48,VNMC07
67,49,VNMC07
67,50,VNMC07
67,51,VNMC07
67,52,VNMC07
68,44,VNMC07
68,45,VNMC07
68,46,VNMC07
68,47,VNMC07
68,48,VNMC07
68,49,VNMC07
68,50,VNMC07
68,51,VNMC07
68,52,VNMC07
68,53,VNMC07
69,45,VNMC07
69,46,VNMC07
69,47,VNMC07
69,48,VNMC07
69,49,VNMC07
69,50,VNMC07
69,51,VNMC07
69,52,VNMC07
69,53,VNMC07
70,46,VNMC07
70,47,VNMC07
70,48,VNMC07
70,49,VNMC07
70,50,VNMC07
70,51,VNMC07
70,52,VNMC07
70,53,VNMC07
70,54,VNMC07
71,47,VNMC07
71,48,VNMC07
71,49,VNMC07
71,50,VNMC07
71,51,VNMC07
71,52,VNMC07
71,53,VNMC07
71,54,VNMC07
71,55,VNMC07
72,48,VNMC07
72,49,VNMC07
72,50,VNMC07
72,51,VNMC07
72,52,VNMC07
72,53,VNMC07
72,54,VNMC07
72,55,VNMC07
72,56,VNMC08
73,49,VNMC07
73,50,VNMC07
73,51,VNMC07
73,52,VNMC07
73,53,VNMC07
73,54,VNMC07
73,55,VNMC08
73,56,VNMC08
73,57,VNMC08
74,51,VNMC07
74,52,VNMC07
74,53,VNMC07
74,54,VNMC07
74,55,VNMC08
74,56,VNMC08
74,57,VNMC08
74,58,VNMC08
75,51,VNMC07
75,52,VNMC07
75,53,VNMC07
75,54,VNMC08
75,55,VNMC08
75,56,VNMC08
75,57,VNMC08
75,58,VNMC08
75,59,VNMC08
75,60,VNMC08
75,63,VNMC07
76,52,VNMC07
76,53,VNMC07
76,54,VNMC08
76,55,VNMC08
76,56,VNMC08
76,57,VNMC08
76,58,VNMC08
76,59,VNMC08
76,60,VNMC08
77,53,VNMC08
77,54,VNMC08
77,55,VNMC08
77,56,VNMC08
77,57,VNMC08
77,58,VNMC08
77,59,VNMC08
77,60,VNMC08
77,61,VNMC08
78,54,VNMC08
78,55,VNMC08
78,56,VNMC08
78,57,VNMC08
78,58,VNMC08
78,59,VNMC08
78,60,VNMC08
78,61,VNMC08
78,62,VNMC08
79,54,VNMC08
79,55,VNMC08
79,56,VNMC08
79,57,VNMC08
79,58,VNMC08
79,59,VNMC08
79,60,VNMC08
79,61,VNMC08
79,62,VNMC08
79,63,VNMC08
80,54,VNMC08
80,55,VNMC08
80,56,VNMC08
80,57,VNMC08
80,58,VNMC08
80,59,VNMC08
80,60,VNMC08
80,61,VNMC08
80,62,VNMC08
80,63,VNMC08
80,64,VNMC08
81,54,VNMC08
81,55,VNMC08
81,56,VNMC08
81,57,VNMC08
81,58,VNMC08
81,59,VNMC08
81,60,VNMC08
81,61,VNMC08
81,62,VNMC08
81,63,VNMC08
81,64,VNMC08
81,65,VNMC08
81,66,VNMC07
82,55,VNMC08
82,56,VNMC08
82,57,VNMC08
82,58,VNMC08
82,59,VNMC08
82,60,VNMC08
82,61,VNMC08
82,62,VNMC08
82,63,VNMC08
82,64,VNMC08
82,65,VNMC08
82,66,VNMC07
82,67,VNMC07
83,55,VNMC08
83,58,VNMC08
83,59,VNMC08
83,60,VNMC08
83,61,VNMC08
83,62,VNMC08
83,63,VNMC08
83,64,VNMC08
83,65,VNMC08
83,66,VNMC07
83,67,VNMC07
83,68,VNMC07
84,58,VNMC08
84,59,VNMC08
84,60,VNMC08
84,61,VNMC08
84,62,VNMC08
84,63,VNMC08
84,64,VNMC08
84,65,VNMC08
84,66,VNMC08
84,67,VNMC07
84,68,VNMC07
84,69,VNMC07
84,70,VNMC07
84,71,VNMC07
85,60,VNMC08
85,61,VNMC08
85,62,VNMC08
85,63,VNMC08
85,64,VNMC08
85,65,VNMC08
85,66,VNMC08
85,67,VNMC07
85,68,VNMC07
85,69,VNMC07
85,70,VNMC07
85,71,VNMC07
86,61,VNMC08
86,62,VNMC08
86,63,VNMC08
86,64,VNMC08
86,65,VNMC08
86,66,VNMC08
86,67,VNMC08
86,68,VNMC08
86,69,VNMC08
86,70,VNMC08
86,71,VNMC08
86,72,VNMC07
86,73,VNMC07
87,62,VNMC08
87,63,VNMC08
87,64,VNMC08
87,65,VNMC08
87,66,VNMC08
87,67,VNMC08
87,68,VNMC08
87,69,VNMC08
87,70,VNMC08
87,71,VNMC07
87,72,VNMC07
87,73,VNMC07
87,74,VNMC07
88,64,VNMC08
88,65,VNMC08
88,66,VNMC08
88,67,VNMC08
88,68,VNMC08
88,69,VNMC08
88,70,VNMC08
88,71,VNMC08
88,72,VNMC07
88,73,VNMC07
88,74,VNMC07
89,64,VNMC08
89,65,VNMC08
89,66,VNMC08
89,67,VNMC08
89,68,VNMC08
89,69,VNMC08
89,70,VNMC08
89,71,VNMC08
89,72,VNMC07
89,73,VNMC07
89,74,VNMC07
89,76,VNMC07
89,77,VNMC07
90,63,VNMC09
90,64,VNMC08
90,65,VNMC08
90,66,VNMC08
90,67,VNMC08
90,68,VNMC08
90,69,VNMC08
90,70,VNMC08
90,71,VNMC08
90,72,VNMC08
90,73,VNMC07
90,74,VNMC07
90,75,VNMC07
90,77,VNMC07
91,62,VNMC08
91,63,VNMC08
91,64,VNMC08
91,65,VNMC08
91,66,VNMC08
91,67,VNMC08
91,68,VNMC08
91,69,VNMC08
91,70,VNMC08
91,71,VNMC08
91,72,VNMC08
91,73,VNMC08
91,74,VNMC07
91,75,VNMC07
91,76,VNMC07
92,62,VNMC08
92,63,VNMC08
92,64,VNMC08
92,65,VNMC08
92,66,VNMC08
92,67,VNMC08
92,68,VNMC08
92,69,VNMC08
92,70,VNMC08
92,71,VNMC08
92,72,VNMC08
92,73,VNMC08
92,74,VNMC08
92,75,VNMC07
92,76,VNMC07
93,63,VNMC08
93,64,VNMC08
93,65,VNMC08
93,66,VNMC08
93,67,VNMC08
93,68,VNMC08
93,69,VNMC08
93,70,VNMC08
93,71,VNMC08
93,72,VNMC08
93,73,VNMC08
93,74,VNMC08
93,75,VNMC08
93,76,VNMC08
93,77,VNMC07
94,63,VNMC08
94,64,VNMC08
94,65,VNMC08
94,66,VNMC08
94,67,VNMC08
94,68,VNMC08
94,69,VNMC08
94,70,VNMC08
94,71,VNMC08
94,72,VNMC08
94,73,VNMC08
94,74,VNMC08
94,75,VNMC08
94,76,VNMC08
94,77,VNMC08
94,78,VNMC08
95,65,VNMC08
95,66,VNMC08
95,67,VNMC08
95,68,VNMC08
95,69,VNMC08
95,70,VNMC08
95,71,VNMC08
95,72,VNMC08
95,73,VNMC08
95,74,VNMC08
95,75,VNMC08
95,76,VNMC08
95,77,VNMC08
95,78,VNMC08
95,79,VNMC08
96,66,VNMC08
96,67,VNMC08
96,68,VNMC08
96,69,VNMC08
96,70,VNMC08
96,71,VNMC08
96,72,VNMC08
96,73,VNMC08
96,74,VNMC08
96,75,VNMC08
96,76,VNMC08
96,77,VNMC08
96,78,VNMC08
96,79,VNMC08
96,80,VNMC08
96,81,VNMC08
96,84,VNMC07
97,67,VNMC08
97,68,VNMC08
97,69,VNMC08
97,70,VNMC08
97,71,VNMC08
97,72,VNMC08
97,73,VNMC08
97,74,VNMC08
97,75,VNMC08
97,76,VNMC08
97,77,VNMC08
97,78,VNMC08
97,79,VNMC08
97,80,VNMC08
97,81,VNMC08
98,67,VNMC09
98,68,VNMC08
98,69,VNMC09
98,70,VNMC08
98,71,VNMC08
98,72,VNMC08
98,73,VNMC08
98,74,VNMC08
98,75,VNMC08
98,76,VNMC08
98,77,VNMC08
98,78,VNMC08
98,79,VNMC08
98,80,VNMC08
98,81,VNMC08
98,82,VNMC08
99,67,VNMC08
99,68,VNMC08
99,69,VNMC09
99,70,VNMC09
99,71,VNMC08
99,72,VNMC08
99,73,VNMC08
99,74,VNMC08
99,75,VNMC08
99,76,VNMC08
99,77,VNMC08
99,78,VNMC08
99,79,VNMC08
99,80,VNMC08
99,81,VNMC08
100,66,VNMC08
100,67,VNMC07
100,68,VNMC08
100,69,VNMC13
100,70,VNMC13
100,71,VNMC08
100,72,VNMC08
100,73,VNMC08
100,74,VNMC08
100,75,VNMC08
100,76,VNMC08
100,77,VNMC08
100,78,VNMC08
100,79,VNMC08
100,80,VNMC08
100,81,VNMC08
100,82,VNMC08
101,65,VNMC08
101,66,VNMC08
101,67,VNMC07
101,68,VNMC08
101,69,VNMC09
101,70,VNMC09
101,71,VNMC15
101,72,VNMC09
101,73,VNMC08
101,74,VNMC08
101,75,VNMC08
101,76,VNMC08
101,77,VNMC08
101,78,VNMC08
101,79,VNMC08
101,80,VNMC08
101,81,VNMC08
101,82,VNMC08
102,66,VNMC07
102,67,VNMC07
102,68,VNMC08
102,69,VNMC08
102,70,VNMC08
102,71,VNMC08
102,72,VNMC09
102,73,VNMC08
102,74,VNMC08
102,75,VNMC08
102,76,VNMC08
102,77,VNMC08
102,78,VNMC08
102,79,VNMC08
102,80,VNMC08
102,81,VNMC08
102,82,VNMC08
103,65,VNMC07
103,66,VNMC07
103,67,VNMC07
103,68,VNMC08
103,69,VNMC07
103,70,VNMC08
103,71,VNMC08
103,72,VNMC09
103,73,VNMC08
103,74,VNMC09
103,75,VNMC08
103,76,VNMC08
103,77,VNMC08
103,78,VNMC08
103,79,VNMC08
103,80,VNMC08
103,81,VNMC08
103,82,VNMC08
103,83,VNMC02
104,66,VNMC07
104,67,VNMC07
104,68,VNMC07
104,69,VNMC07
104,70,VNMC07
104,71,VNMC08
104,72,VNMC08
104,73,VNMC08
104,74,VNMC08
104,75,VNMC08
104,76,VNMC08
104,77,VNMC08
104,78,VNMC08
104,79,VNMC08
104,80,VNMC08
104,81,VNMC08
104,82,VNMC08
104,83,VNMC08
105,66,VNMC07
105,67,VNMC07
105,68,VNMC07
105,69,VNMC07
105,70,VNMC07
105,71,VNMC08
105,72,VNMC08
105,73,VNMC08
105,74,VNMC08
105,75,VNMC08
105,76,VNMC08
105,77,VNMC08
105,78,VNMC08
105,79,VNMC08
105,80,VNMC08
105,81,VNMC08
105,82,VNMC08
105,83,VNMC02
106,65,VNMC07
106,66,VNMC07
106,67,VNMC07
106,68,VNMC07
106,69,VNMC07
106,70,VNMC07
106,71,VNMC07
106,72,VNMC08
106,73,VNMC07
106,74,VNMC07
106,75,VNMC08
106,76,VNMC08
106,77,VNMC08
106,78,VNMC08
106,79,VNMC08
106,80,VNMC08
106,81,VNMC08
106,82,VNMC08
106,83,VNMC02
107,65,VNMC07
107,66,VNMC07
107,67,VNMC07
107,68,VNMC07
107,69,VNMC07
107,70,VNMC07
107,71,VNMC07
107,72,VNMC07
107,73,VNMC07
107,74,VNMC08
107,75,VNMC08
107,76,VNMC08
107,77,VNMC08
107,78,VNMC08
107,79,VNMC08
107,80,VNMC08
107,81,VNMC08
107,82,VNMC08
107,83,VNMC02
107,84,VNMC02
108,64,VNMC07
108,65,VNMC07
108,66,VNMC07
108,67,VNMC07
108,68,VNMC07
108,69,VNMC07
108,70,VNMC07
108,71,VNMC07
108,72,VNMC07
108,73,VNMC08
108,74,VNMC08
108,75,VNMC08
108,76,VNMC08
108,77,VNMC08
108,78,VNMC08
108,79,VNMC08
108,80,VNMC08
108,81,VNMC08
108,82,VNMC02
108,83,VNMC08
108,84,VNMC02
109,64,VNMC07
109,65,VNMC07
109,66,VNMC07
109,67,VNMC07
109,68,VNMC07
109,69,VNMC07
109,70,VNMC07
109,71,VNMC07
109,72,VNMC07
109,73,VNMC07
109,74,VNMC08
109,75,VNMC09
109,76,VNMC07
109,77,VNMC07
109,78,VNMC07
109,79,VNMC08
109,80,VNMC08
109,81,VNMC08
109,82,VNMC08
109,83,VNMC02
109,84,VNMC02
109,85,VNMC02
110,64,VNMC07
110,65,VNMC07
110,66,VNMC07
110,67,VNMC07
110,68,VNMC07
110,69,VNMC07
110,70,VNMC07
110,71,VNMC07
110,72,VNMC07
110,73,VNMC07
110,74,VNMC08
110,75,VNMC08
110,76,VNMC07
110,77,VNMC07
110,78,VNMC07
110,79,VNMC07
110,80,VNMC08
110,81,VNMC08
110,82,VNMC08
110,83,VNMC02
110,84,VNMC02
110,85,VNMC02
111,63,VNMC07
111,64,VNMC07
111,65,VNMC07
111,66,VNMC07
111,67,VNMC07
111,68,VNMC07
111,69,VNMC07
111,70,VNMC07
111,71,VNMC07
111,72,VNMC07
111,73,VNMC07
111,74,VNMC07
111,75,VNMC08
111,76,VNMC08
111,77,VNMC07
111,78,VNMC07
111,79,VNMC07
111,80,VNMC08
111,81,VNMC08
111,82,VNMC08
111,83,VNMC02
111,84,VNMC02
111,85,VNMC02
112,63,VNMC07
112,64,VNMC07
112,65,VNMC07
112,66,VNMC07
112,67,VNMC07
112,68,VNMC07
112,69,VNMC07
112,70,VNMC07
112,71,VNMC07
112,72,VNMC07
112,73,VNMC07
112,74,VNMC07
112,75,VNMC07
112,76,VNMC07
112,77,VNMC07
112,78,VNMC07
112,79,VNMC07
112,80,VNMC08
112,81,VNMC08
112,82,VNMC08
112,83,VNMC02
112,84,VNMC08
112,85,VNMC02
113,64,VNMC07
113,65,VNMC07
113,66,VNMC07
113,67,VNMC07
113,68,VNMC07
113,69,VNMC07
113,70,VNMC07
113,71,VNMC07
113,72,VNMC07
113,73,VNMC07
113,74,VNMC07
113,75,VNMC08
113,76,VNMC07
113,77,VNMC07
113,78,VNMC07
113,79,VNMC07
113,80,VNMC08
113,81,VNMC08
113,82,VNMC02
113,83,VNMC02
113,84,VNMC02
113,85,VNMC02
113,86,VNMC02
114,65,VNMC07
114,66,VNMC07
114,67,VNMC07
114,68,VNMC07
114,69,VNMC07
114,70,VNMC07
114,71,VNMC07
114,72,VNMC07
114,73,VNMC07
114,74,VNMC07
114,75,VNMC07
114,76,VNMC07
114,77,VNMC07
114,78,VNMC07
114,79,VNMC07
114,80,VNMC07
114,81,VNMC08
114,82,VNMC02
114,83,VNMC02
114,84,VNMC02
114,85,VNMC02
114,86,VNMC02
115,65,VNMC07
115,66,VNMC07
115,67,VNMC07
115,68,VNMC07
115,69,VNMC07
115,70,VNMC07
115,71,VNMC07
115,72,VNMC07
115,73,VNMC07
115,74,VNMC07
115,75,VNMC07
115,76,VNMC07
115,77,VNMC07
115,78,VNMC07
115,79,VNMC07
115,80,VNMC07
115,81,VNMC07
115,82,VNMC07
115,83,VNMC07
115,84,VNMC02
115,85,VNMC02
115,86,VNMC02
116,66,VNMC07
116,67,VNMC07
116,68,VNMC07
116,69,VNMC07
116,70,VNMC07
116,71,VNMC07
116,72,VNMC07
116,73,VNMC07
116,74,VNMC07
116,75,VNMC07
116,76,VNMC07
116,77,VNMC07
116,78,VNMC07
116,79,VNMC07
116,80,VNMC07
116,81,VNMC07
116,82,VNMC07
116,83,VNMC07
116,84,VNMC02
116,85,VNMC07
117,66,VNMC07
117,67,VNMC07
117,68,VNMC07
117,69,VNMC07
117,70,VNMC07
117,71,VNMC07
117,72,VNMC07
117,73,VNMC07
117,74,VNMC07
117,75,VNMC07
117,76,VNMC07
117,77,VNMC07
117,78,VNMC07
117,79,VNMC07
117,80,VNMC07
117,81,VNMC07
117,82,VNMC07
117,83,VNMC07
117,84,VNMC07
117,85,VNMC02
117,86,VNMC02
117,87,VNMC02
118,66,VNMC07
118,67,VNMC07
118,68,VNMC07
118,69,VNMC07
118,70,VNMC07
118,71,VNMC07
118,72,VNMC07
118,73,VNMC07
118,74,VNMC07
118,75,VNMC07
118,76,VNMC07
118,77,VNMC07
118,78,VNMC07
118,79,VNMC08
118,80,VNMC07
118,81,VNMC07
118,82,VNMC07
118,83,VNMC07
118,84,VNMC07
118,85,VNMC06
118,86,VNMC02
119,66,VNMC07
119,67,VNMC07
119,68,VNMC07
119,69,VNMC07
119,70,VNMC07
119,71,VNMC07
119,72,VNMC07
119,73,VNMC07
119,74,VNMC07
119,75,VNMC07
119,76,VNMC07
119,77,VNMC07
119,78,VNMC07
119,79,VNMC07
119,80,VNMC07
119,81,VNMC07
119,82,VNMC07
119,83,VNMC07
119,84,VNMC07
119,85,VNMC06
119,86,VNMC06
120,66,VNMC07
120,67,VNMC07
120,68,VNMC07
120,69,VNMC07
120,70,VNMC07
120,71,VNMC07
120,72,VNMC07
120,73,VNMC07
120,74,VNMC07
120,75,VNMC07
120,76,VNMC07
120,77,VNMC07
120,78,VNMC07
120,79,VNMC07
120,80,VNMC07
120,81,VNMC07
120,82,VNMC07
120,83,VNMC07
120,84,VNMC07
120,85,VNMC06
120,86,VNMC02
121,66,VNMC07
121,67,VNMC07
121,68,VNMC07
121,69,VNMC07
121,70,VNMC07
121,71,VNMC07
121,72,VNMC07
121,73,VNMC07
121,74,VNMC07
121,75,VNMC07
121,76,VNMC07
121,77,VNMC07
121,78,VNMC07
121,79,VNMC07
121,80,VNMC07
121,81,VNMC07
121,82,VNMC07
121,83,VNMC07
121,84,VNMC07
121,85,VNMC06
121,86,VNMC06
122,66,VNMC07
122,67,VNMC07
122,68,VNMC07
122,69,VNMC07
122,70,VNMC07
122,71,VNMC07
122,72,VNMC07
122,73,VNMC07
122,74,VNMC07
122,75,VNMC07
122,76,VNMC07
122,77,VNMC07
122,78,VNMC07
122,79,VNMC07
122,80,VNMC07
122,81,VNMC07
122,82,VNMC07
122,83,VNMC07
122,84,VNMC07
122,85,VNMC07
122,86,VNMC06
123,65,VNMC07
123,66,VNMC07
123,67,VNMC07
123,68,VNMC07
123,69,VNMC07
123,70,VNMC07
123,71,VNMC07
123,72,VNMC07
123,73,VNMC07
123,74,VNMC07
123,75,VNMC07
123,76,VNMC07
123,77,VNMC07
123,78,VNMC07
123,79,VNMC07
123,80,VNMC07
123,81,VNMC07
123,82,VNMC07
123,83,VNMC07
123,84,VNMC07
123,85,VNMC06
123,86,VNMC06
124,65,VNMC07
124,66,VNMC07
124,67,VNMC07
124,68,VNMC07
124,69,VNMC07
124,70,VNMC07
124,71,VNMC07
124,72,VNMC07
124,73,VNMC07
124,74,VNMC07
124,75,VNMC07
124,76,VNMC07
124,77,VNMC07
124,78,VNMC07
124,79,VNMC07
124,80,VNMC07
124,81,VNMC07
124,82,VNMC07
124,83,VNMC07
124,84,VNMC07
124,85,VNMC06
124,86,VNMC06
124,87,VNMC06
125,65,VNMC07
125,66,VNMC07
125,67,VNMC07
125,68,VNMC07
125,69,VNMC07
125,70,VNMC07
125,71,VNMC07
125,72,VNMC07
125,73,VNMC07
125,74,VNMC07
125,75,VNMC07
125,76,VNMC07
125,77,VNMC07
125,78,VNMC07
125,79,VNMC07
125,80,VNMC07
125,81,VNMC07
125,82,VNMC07
125,83,VNMC07
125,84,VNMC07
125,85,VNMC06
125,86,VNMC06
125,87,VNMC06
125,88,VNMC06
126,65,VNMC07
126,66,VNMC07
126,67,VNMC07
126,68,VNMC07
126,69,VNMC07
126,70,VNMC07
126,71,VNMC07
126,72,VNMC07
126,73,VNMC07
126,74,VNMC07
126,75,VNMC07
126,76,VNMC07
126,77,VNMC07
126,78,VNMC07
126,79,VNMC07
126,80,VNMC07
126,81,VNMC07
126,82,VNMC07
126,83,VNMC07
126,84,VNMC07
126,85,VNMC07
126,86,VNMC07
126,87,VNMC06
126,88,VNMC06
127,66,VNMC07
127,67,VNMC07
127,68,VNMC07
127,69,VNMC07
127,70,VNMC07
127,71,VNMC07
127,72,VNMC07
127,73,VNMC07
127,74,VNMC07
127,75,VNMC07
127,76,VNMC07
127,77,VNMC07
127,78,VNMC07
127,79,VNMC07
127,80,VNMC07
127,81,VNMC07
127,82,VNMC07
127,83,VNMC07
127,84,VNMC09
127,85,VNMC07
127,86,VNMC06
127,87,VNMC06
128,66,VNMC07
128,67,VNMC07
128,68,VNMC07
128,69,VNMC07
128,70,VNMC07
128,71,VNMC07
128,72,VNMC07
128,73,VNMC07
128,74,VNMC07
128,75,VNMC07
128,76,VNMC07
128,77,VNMC07
128,78,VNMC07
128,79,VNMC07
128,80,VNMC07
128,81,VNMC07
128,82,VNMC09
128,83,VNMC07
128,84,VNMC07
128,85,VNMC06
128,86,VNMC06
128,87,VNMC06
128,88,VNMC06
129,66,VNMC07
129,67,VNMC07
129,68,VNMC07
129,69,VNMC07
129,70,VNMC07
129,71,VNMC07
129,72,VNMC07
129,73,VNMC07
129,74,VNMC07
129,75,VNMC07
129,76,VNMC07
129,77,VNMC07
129,78,VNMC07
129,79,VNMC07
129,80,VNMC07
129,81,VNMC07
129,82,VNMC07
129,83,VNMC07
129,84,VNMC07
129,85,VNMC06
129,86,VNMC06
129,87,VNMC06
129,88,VNMC06
130,66,VNMC07
130,67,VNMC07
130,68,VNMC07
130,69,VNMC07
130,70,VNMC07
130,71,VNMC07
130,72,VNMC07
130,73,VNMC07
130,74,VNMC07
130,75,VNMC07
130,76,VNMC07
130,77,VNMC07
130,78,VNMC07
130,79,VNMC07
130,80,VNMC07
130,81,VNMC07
130,82,VNMC07
130,83,VNMC07
130,84,VNMC07
130,85,VNMC06
130,87,VNMC06
130,88,VNMC06
131,66,VNMC07
131,67,VNMC07
131,68,VNMC07
131,69,VNMC07
131,70,VNMC07
131,71,VNMC07
131,72,VNMC07
131,73,VNMC07
131,74,VNMC07
131,75,VNMC07
131,76,VNMC07
131,77,VNMC07
131,78,VNMC07
131,79,VNMC07
131,80,VNMC07
131,81,VNMC07
131,82,VNMC07
131,83,VNMC07
131,84,VNMC07
131,85,VNMC07
131,86,VNMC06
131,87,VNMC06
132,66,VNMC07
132,67,VNMC07
132,68,VNMC07
132,69,VNMC07
132,70,VNMC07
132,71,VNMC07
132,72,VNMC07
132,73,VNMC07
132,74,VNMC07
132,75,VNMC13
132,76,VNMC07
132,77,VNMC07
132,78,VNMC07
132,79,VNMC07
132,80,VNMC07
132,81,VNMC07
132,82,VNMC07
132,83,VNMC07
132,84,VNMC07
132,85,VNMC06
132,86,VNMC06
132,87,VNMC06
133,62,VNMC07
133,63,VNMC07
133,65,VNMC07
133,66,VNMC07
133,67,VNMC07
133,68,VNMC07
133,69,VNMC07
133,70,VNMC07
133,71,VNMC07
133,72,VNMC07
133,73,VNMC07
133,74,VNMC07
133,75,VNMC07
133,76,VNMC07
133,77,VNMC07
133,78,VNMC07
133,79,VNMC09
133,80,VNMC07
133,81,VNMC07
133,82,VNMC07
133,83,VNMC07
133,84,VNMC06
133,85,VNMC06
134,60,VNMC07
134,61,VNMC07
134,62,VNMC07
134,63,VNMC07
134,64,VNMC07
134,65,VNMC07
134,66,VNMC07
134,67,VNMC07
134,68,VNMC07
134,69,VNMC07
134,70,VNMC07
134,71,VNMC07
134,72,VNMC07
134,73,VNMC07
134,74,VNMC07
134,75,VNMC07
134,76,VNMC07
134,77,VNMC07
134,78,VNMC09
134,79,VNMC13
134,80,VNMC07
134,81,VNMC07
134,82,VNMC07
134,83,VNMC07
134,84,VNMC07
134,85,VNMC06
134,86,VNMC06
135,59,VNMC07
135,60,VNMC07
135,61,VNMC07
135,62,VNMC07
135,63,VNMC07
135,64,VNMC07
135,65,VNMC07
135,66,VNMC07
135,67,VNMC07
135,68,VNMC07
135,69,VNMC07
135,70,VNMC07
135,71,VNMC07
135,72,VNMC07
135,73,VNMC07
135,74,VNMC07
135,75,VNMC13
135,76,VNMC13
135,77,VNMC13
135,78,VNMC13
135,79,VNMC13
135,80,VNMC07
135,81,VNMC07
135,82,VNMC07
135,83,VNMC07
135,84,VNMC06
135,85,VNMC06
135,86,VNMC06
136,56,VNMC05
136,57,VNMC05
136,58,VNMC05
136,59,VNMC07
136,60,VNMC07
136,61,VNMC07
136,62,VNMC07
136,63,VNMC07
136,64,VNMC07
136,65,VNMC07
136,66,VNMC07
136,67,VNMC07
136,68,VNMC07
136,69,VNMC07
136,70,VNMC07
136,71,VNMC07
136,72,VNMC07
136,73,VNMC07
136,74,VNMC13
136,75,VNMC15
136,76,VNMC13
136,77,VNMC15
136,78,VNMC15
136,79,VNMC13
136,80,VNMC07
136,81,VNMC07
136,82,VNMC07
136,83,VNMC07
136,84,VNMC06
136,85,VNMC06
137,52,VNMC05
137,53,VNMC05
137,54,VNMC05
137,55,VNMC05
137,56,VNMC05
137,57,VNMC05
137,58,VNMC05
137,59,VNMC05
137,60,VNMC07
137,61,VNMC07
137,62,VNMC07
137,63,VNMC07
137,64,VNMC07
137,65,VNMC07
137,66,VNMC07
137,67,VNMC07
137,68,VNMC07
137,69,VNMC07
137,70,VNMC07
137,71,VNMC07
137,72,VNMC07
137,73,VNMC07
137,74,VNMC09
137,75,VNMC15
137,76,VNMC15
137,77,VNMC09
137,78,VNMC09
137,79,VNMC07
137,80,VNMC07
137,81,VNMC07
137,82,VNMC07
137,83,VNMC07
137,84,VNMC06
137,85,VNMC06
137,86,VNMC06
138,52,VNMC05
138,53,VNMC05
138,54,VNMC05
138,55,VNMC05
138,56,VNMC05
138,57,VNMC05
138,58,VNMC05
138,59,VNMC05
138,60,VNMC05
138,61,VNMC07
138,62,VNMC07
138,63,VNMC07
138,64,VNMC07
138,65,VNMC07
138,66,VNMC07
138,67,VNMC07
138,68,VNMC07
138,69,VNMC07
138,70,VNMC07
138,71,VNMC07
138,72,VNMC07
138,73,VNMC07
138,74,VNMC07
138,75,VNMC07
138,76,VNMC07
138,77,VNMC09
138,78,VNMC07
138,79,VNMC07
138,80,VNMC07
138,81,VNMC07
138,82,VNMC07
138,83,VNMC07
138,84,VNMC06
138,85,VNMC06
138,86,VNMC06
139,52,VNMC05
139,53,VNMC05
139,54,VNMC05
139,55,VNMC05
139,56,VNMC05
139,57,VNMC05
139,58,VNMC05
139,59,VNMC05
139,60,VNMC05
139,61,VNMC05
139,62,VNMC07
139,63,VNMC07
139,64,VNMC07
139,65,VNMC07
139,66,VNMC07
139,67,VNMC07
139,68,VNMC07
139,69,VNMC07
139,70,VNMC07
139,71,VNMC07
139,72,VNMC07
139,73,VNMC07
139,74,VNMC07
139,75,VNMC07
139,76,VNMC07
139,77,VNMC07
139,78,VNMC07
139,79,VNMC07
139,80,VNMC07
139,81,VNMC07
139,82,VNMC07
139,83,VNMC07
139,84,VNMC07
139,85,VNMC07
140,47,VNMC10
140,48,VNMC10
140,49,VNMC10
140,52,VNMC10
140,53,VNMC10
140,54,VNMC05
140,55,VNMC05
140,56,VNMC05
140,57,VNMC05
140,58,VNMC05
140,59,VNMC05
140,60,VNMC05
140,61,VNMC05
140,62,VNMC05
140,63,VNMC07
140,64,VNMC07
140,65,VNMC07
140,66,VNMC07
140,67,VNMC07
140,68,VNMC07
140,69,VNMC07
140,70,VNMC07
140,71,VNMC07
140,72,VNMC07
140,73,VNMC07
140,74,VNMC07
140,75,VNMC07
140,76,VNMC07
140,77,VNMC07
140,78,VNMC07
140,79,VNMC07
140,80,VNMC07
140,81,VNMC07
140,82,VNMC06
140,83,VNMC06
140,84,VNMC07
140,85,VNMC07
141,45,VNMC10
141,46,VNMC10
141,47,VNMC10
141,48,VNMC10
141,49,VNMC10
141,50,VNMC10
141,51,VNMC10
141,52,VNMC10
141,53,VNMC10
141,54,VNMC05
141,55,VNMC05
141,56,VNMC05
141,57,VNMC05
141,58,VNMC05
141,59,VNMC05
141,60,VNMC05
141,61,VNMC05
141,62,VNMC05
141,63,VNMC05
141,64,VNMC05
141,65,VNMC07
141,66,VNMC07
141,67,VNMC07
141,68,VNMC07
141,69,VNMC07
141,70,VNMC07
141,71,VNMC07
141,72,VNMC07
141,73,VNMC07
141,74,VNMC07
141,75,VNMC07
141,76,VNMC07
141,77,VNMC07
141,78,VNMC07
141,79,VNMC07
141,80,VNMC07
141,81,VNMC06
141,82,VNMC06
141,83,VNMC06
141,84,VNMC06
141,85,VNMC06
142,45,VNMC10
142,46,VNMC10
142,47,VNMC10
142,48,VNMC10
142,49,VNMC10
142,50,VNMC10
142,51,VNMC10
142,52,VNMC10
142,53,VNMC10
142,54,VNMC10
142,55,VNMC10
142,56,VNMC05
142,57,VNMC05
142,58,VNMC05
142,59,VNMC05
142,60,VNMC05
142,61,VNMC05
142,62,VNMC05
142,63,VNMC05
142,64,VNMC05
142,65,VNMC05
142,66,VNMC07
142,67,VNMC07
142,68,VNMC07
142,69,VNMC07
142,70,VNMC07
142,71,VNMC07
142,72,VNMC07
142,73,VNMC07
142,74,VNMC07
142,75,VNMC07
142,76,VNMC07
142,77,VNMC07
142,78,VNMC07
142,79,VNMC07
142,80,VNMC07
142,81,VNMC06
142,82,VNMC06
142,83,VNMC06
142,84,VNMC06
143,46,VNMC10
143,47,VNMC10
143,48,VNMC10
143,49,VNMC10
143,50,VNMC10
143,51,VNMC10
143,52,VNMC10
143,53,VNMC10
143,54,VNMC10
143,55,VNMC10
143,56,VNMC10
143,57,VNMC05
143,58,VNMC05
143,59,VNMC05
143,60,VNMC05
143,61,VNMC05
143,62,VNMC05
143,63,VNMC05
143,64,VNMC05
143,65,VNMC05
143,66,VNMC05
143,67,VNMC07
143,68,VNMC07
143,69,VNMC07
143,70,VNMC07
143,71,VNMC07
143,72,VNMC07
143,73,VNMC07
143,74,VNMC07
143,75,VNMC07
143,76,VNMC07
143,77,VNMC07
143,78,VNMC07
143,79,VNMC07
143,80,VNMC06
143,81,VNMC06
143,82,VNMC06
143,83,VNMC06
144,46,VNMC10
144,47,VNMC10
144,48,VNMC10
144,49,VNMC10
144,50,VNMC10
144,51,VNMC10
144,52,VNMC10
144,53,VNMC10
144,54,VNMC10
144,55,VNMC10
144,56,VNMC10
144,57,VNMC05
144,58,VNMC05
144,59,VNMC05
144,60,VNMC05
144,61,VNMC05
144,62,VNMC05
144,63,VNMC05
144,64,VNMC05
144,65,VNMC05
144,66,VNMC05
144,67,VNMC07
144,68,VNMC07
144,69,VNMC07
144,70,VNMC07
144,71,VNMC07
144,72,VNMC07
144,73,VNMC07
144,74,VNMC06
144,75,VNMC06
144,76,VNMC07
144,77,VNMC07
144,78,VNMC07
144,79,VNMC07
144,80,VNMC07
144,81,VNMC06
144,82,VNMC07
144,83,VNMC07
145,46,VNMC10
145,47,VNMC10
145,48,VNMC10
145,49,VNMC10
145,50,VNMC10
145,51,VNMC10
145,52,VNMC10
145,53,VNMC10
145,54,VNMC10
145,55,VNMC10
145,56,VNMC10
145,57,VNMC10
145,58,VNMC10
145,59,VNMC05
145,60,VNMC05
145,61,VNMC05
145,62,VNMC05
145,63,VNMC05
145,64,VNMC05
145,65,VNMC05
145,66,VNMC05
145,67,VNMC07
145,68,VNMC07
145,69,VNMC07
145,70,VNMC07
145,71,VNMC07
145,72,VNMC06
145,73,VNMC06
145,74,VNMC06
145,75,VNMC06
145,76,VNMC06
145,77,VNMC06
145,78,VNMC07
145,79,VNMC06
145,80,VNMC06
145,81,VNMC06
145,82,VNMC06
146,46,VNMC10
146,47,VNMC10
146,48,VNMC10
146,49,VNMC10
146,50,VNMC10
146,51,VNMC10
146,52,VNMC10
146,53,VNMC10
146,54,VNMC10
146,55,VNMC10
146,56,VNMC10
146,57,VNMC10
146,58,VNMC10
146,59,VNMC05
146,60,VNMC05
146,61,VNMC05
146,62,VNMC05
146,63,VNMC05
146,64,VNMC05
146,65,VNMC05
146,66,VNMC05
146,67,VNMC05
146,68,VNMC06
146,69,VNMC06
146,70,VNMC06
146,71,VNMC06
146,72,VNMC06
146,73,VNMC06
146,74,VNMC06
146,75,VNMC06
146,76,VNMC06
146,77,VNMC06
146,78,VNMC06
146,79,VNMC06
147,48,VNMC10
147,49,VNMC10
147,50,VNMC10
147,51,VNMC10
147,52,VNMC10
147,53,VNMC10
147,54,VNMC10
147,55,VNMC10
147,56,VNMC10
147,57,VNMC10
147,58,VNMC10
147,59,VNMC10
147,60,VNMC10
147,61,VNMC05
147,62,VNMC05
147,63,VNMC05
147,64,VNMC05
147,65,VNMC05
147,66,VNMC05
147,67,VNMC05
147,68,VNMC06
147,69,VNMC06
147,70,VNMC07
147,71,VNMC06
147,72,VNMC06
147,73,VNMC06
147,74,VNMC06
147,75,VNMC06
147,76,VNMC06
147,77,VNMC06
148,49,VNMC10
148,50,VNMC10
148,51,VNMC10
148,52,VNMC10
148,53,VNMC10
148,54,VNMC10
148,55,VNMC10
148,56,VNMC10
148,57,VNMC10
148,58,VNMC10
148,59,VNMC10
148,60,VNMC05
148,61,VNMC05
148,62,VNMC05
148,63,VNMC05
148,64,VNMC05
148,65,VNMC05
148,66,VNMC05
148,67,VNMC05
148,68,VNMC06
148,69,VNMC06
148,70,VNMC06
148,71,VNMC06
148,72,VNMC06
148,73,VNMC06
148,74,VNMC06
148,75,VNMC06
148,76,VNMC06
149,42,VNMC10
149,43,VNMC10
149,44,VNMC10
149,49,VNMC10
149,50,VNMC10
149,51,VNMC10
149,52,VNMC10
149,53,VNMC10
149,54,VNMC10
149,55,VNMC10
149,56,VNMC10
149,57,VNMC10
149,58,VNMC10
149,59,VNMC10
149,60,VNMC05
149,61,VNMC05
149,62,VNMC05
149,63,VNMC05
149,64,VNMC05
149,65,VNMC05
149,66,VNMC05
149,67,VNMC05
149,68,VNMC06
149,69,VNMC06
149,70,VNMC06
149,71,VNMC06
149,72,VNMC06
149,73,VNMC06
149,74,VNMC06
149,75,VNMC06
150,36,VNMC10
150,37,VNMC10
150,38,VNMC10
150,39,VNMC10
150,40,VNMC10
150,41,VNMC10
150,42,VNMC10
150,43,VNMC10
150,44,VNMC10
150,49,VNMC10
150,50,VNMC10
150,51,VNMC10
150,52,VNMC10
150,53,VNMC10
150,54,VNMC10
150,55,VNMC10
150,56,VNMC10
150,57,VNMC10
150,58,VNMC10
150,59,VNMC10
150,60,VNMC05
150,61,VNMC05
150,62,VNMC05
150,63,VNMC05
150,64,VNMC05
150,65,VNMC05
150,66,VNMC05
150,67,VNMC05
150,68,VNMC06
150,69,VNMC06
150,70,VNMC06
150,71,VNMC06
151,36,VNMC10
151,37,VNMC10
151,38,VNMC10
151,39,VNMC10
151,40,VNMC10
151,41,VNMC10
151,42,VNMC10
151,43,VNMC10
151,44,VNMC10
151,45,VNMC10
151,46,VNMC10
151,47,VNMC10
151,48,VNMC10
151,49,VNMC10
151,50,VNMC10
151,51,VNMC10
151,52,VNMC10
151,53,VNMC10
151,54,VNMC10
151,55,VNMC10
151,56,VNMC10
151,57,VNMC10
151,58,VNMC10
151,59,VNMC10
151,60,VNMC05
151,61,VNMC05
151,62,VNMC05
151,63,VNMC05
151,64,VNMC05
151,65,VNMC05
151,66,VNMC05
151,67,VNMC06
151,68,VNMC06
151,69,VNMC06
151,70,VNMC06
151,71,VNMC06
152,36,VNMC10
152,37,VNMC10
152,38,VNMC10
152,39,VNMC10
152,40,VNMC10
152,41,VNMC10
152,42,VNMC10
152,43,VNMC10
152,44,VNMC10
152,45,VNMC10
152,46,VNMC10
152,47,VNMC10
152,48,VNMC10
152,49,VNMC10
152,50,VNMC10
152,51,VNMC10
152,52,VNMC10
152,53,VNMC10
152,54,VNMC10
152,55,VNMC10
152,56,VNMC10
152,57,VNMC10
152,58,VNMC10
152,59,VNMC10
152,60,VNMC10
152,61,VNMC05
152,62,VNMC05
152,63,VNMC05
152,64,VNMC05
152,65,VNMC05
152,66,VNMC05
152,67,VNMC06
152,68,VNMC06
152,69,VNMC06
152,70,VNMC06
152,71,VNMC06
153,34,VNMC10
153,35,VNMC10
153,36,VNMC10
153,37,VNMC10
153,38,VNMC10
153,39,VNMC10
153,40,VNMC10
153,41,VNMC10
153,42,VNMC10
153,43,VNMC10
153,44,VNMC10
153,45,VNMC10
153,46,VNMC10
153,47,VNMC10
153,48,VNMC10
153,49,VNMC10
153,50,VNMC10
153,51,VNMC10
153,52,VNMC10
153,53,VNMC10
153,54,VNMC10
153,55,VNMC10
153,56,VNMC10
153,57,VNMC10
153,58,VNMC10
153,59,VNMC10
153,60,VNMC10
153,61,VNMC05
153,62,VNMC05
153,63,VNMC05
153,64,VNMC05
153,65,VNMC10
153,66,VNMC10
153,67,VNMC06
153,68,VNMC06
154,34,VNMC10
154,35,VNMC10
154,36,VNMC10
154,37,VNMC10
154,38,VNMC10
154,39,VNMC10
154,40,VNMC10
154,41,VNMC10
154,42,VNMC10
154,43,VNMC10
154,44,VNMC10
154,45,VNMC10
154,46,VNMC10
154,47,VNMC10
154,48,VNMC10
154,49,VNMC10
154,50,VNMC10
154,51,VNMC10
154,52,VNMC10
154,53,VNMC10
154,54,VNMC10
154,55,VNMC10
154,56,VNMC10
154,57,VNMC10
154,58,VNMC10
154,59,VNMC10
154,60,VNMC10
154,61,VNMC10
154,62,VNMC10
154,63,VNMC10
154,64,VNMC05
154,65,VNMC10
154,66,VNMC10
154,82,VNMC06
155,22,VNMC10
155,23,VNMC10
155,29,VNMC10
155,30,VNMC10
155,31,VNMC10
155,32,VNMC10
155,33,VNMC10
155,34,VNMC10
155,35,VNMC10
155,36,VNMC10
155,37,VNMC10
155,38,VNMC10
155,39,VNMC10
155,40,VNMC10
155,41,VNMC10
155,42,VNMC10
155,43,VNMC10
155,44,VNMC10
155,45,VNMC10
155,46,VNMC10
155,47,VNMC10
155,48,VNMC10
155,49,VNMC10
155,50,VNMC10
155,51,VNMC10
155,52,VNMC10
155,53,VNMC10
155,54,VNMC10
155,55,VNMC10
155,56,VNMC10
155,57,VNMC10
155,58,VNMC10
155,59,VNMC10
155,60,VNMC10
155,61,VNMC10
155,62,VNMC10
155,63,VNMC10
155,64,VNMC10
155,82,VNMC06
156,21,VNMC10
156,22,VNMC10
156,23,VNMC10
156,28,VNMC10
156,29,VNMC10
156,30,VNMC10
156,31,VNMC10
156,32,VNMC10
156,33,VNMC10
156,34,VNMC10
156,35,VNMC10
156,36,VNMC10
156,37,VNMC10
156,38,VNMC10
156,39,VNMC10
156,40,VNMC10
156,41,VNMC10
156,42,VNMC10
156,43,VNMC10
156,44,VNMC10
156,45,VNMC10
156,46,VNMC10
156,47,VNMC10
156,48,VNMC10
156,49,VNMC10
156,50,VNMC10
156,51,VNMC10
156,52,VNMC10
156,53,VNMC10
156,54,VNMC10
156,55,VNMC10
156,56,VNMC10
156,57,VNMC10
156,58,VNMC10
156,59,VNMC10
156,60,VNMC10
156,61,VNMC10
156,62,VNMC10
157,21,VNMC10
157,22,VNMC10
157,23,VNMC10
157,26,VNMC10
157,29,VNMC10
157,30,VNMC10
157,31,VNMC10
157,32,VNMC10
157,33,VNMC10
157,34,VNMC10
157,35,VNMC10
157,36,VNMC10
157,37,VNMC10
157,38,VNMC10
157,39,VNMC10
157,40,VNMC10
157,41,VNMC10
157,42,VNMC10
157,43,VNMC10
157,44,VNMC10
157,45,VNMC10
157,46,VNMC10
157,47,VNMC10
157,48,VNMC10
157,49,VNMC10
157,50,VNMC10
157,51,VNMC10
157,52,VNMC10
157,53,VNMC10
157,54,VNMC10
157,55,VNMC10
157,56,VNMC10
157,59,VNMC10
157,60,VNMC10
158,22,VNMC10
158,23,VNMC10
158,30,VNMC10
158,31,VNMC10
158,32,VNMC10
158,33,VNMC10
158,34,VNMC10
158,35,VNMC10
158,36,VNMC10
158,37,VNMC10
158,38,VNMC10
158,39,VNMC10
158,40,VNMC10
158,41,VNMC10
158,42,VNMC10
158,43,VNMC10
158,44,VNMC10
158,45,VNMC10
158,46,VNMC10
158,47,VNMC10
158,48,VNMC10
158,49,VNMC10
158,50,VNMC10
158,51,VNMC10
158,52,VNMC10
158,53,VNMC10
158,54,VNMC10
158,55,VNMC10
158,56,VNMC10
159,22,VNMC10
159,23,VNMC10
159,29,VNMC10
159,30,VNMC10
159,33,VNMC10
159,34,VNMC10
159,35,VNMC10
159,36,VNMC10
159,37,VNMC10
159,38,VNMC10
159,39,VNMC10
159,40,VNMC10
159,41,VNMC10
159,42,VNMC10
159,43,VNMC10
159,44,VNMC10
159,45,VNMC10
159,46,VNMC10
159,47,VNMC10
159,48,VNMC10
159,49,VNMC10
159,50,VNMC10
159,51,VNMC10
159,52,VNMC10
159,53,VNMC10
159,54,VNMC10
159,55,VNMC10
159,56,VNMC10
160,22,VNMC10
160,23,VNMC10
160,29,VNMC10
160,35,VNMC10
160,36,VNMC10
160,37,VNMC10
160,38,VNMC10
160,39,VNMC10
160,40,VNMC10
160,41,VNMC10
160,42,VNMC10
160,43,VNMC10
160,44,VNMC10
160,45,VNMC10
160,46,VNMC10
160,47,VNMC10
160,48,VNMC10
160,49,VNMC10
160,50,VNMC10
160,51,VNMC10
160,52,VNMC10
160,53,VNMC10
160,54,VNMC10
160,55,VNMC10
160,56,VNMC10
161,23,VNMC10
161,33,VNMC10
161,35,VNMC10
161,36,VNMC10
161,37,VNMC10
161,38,VNMC10
161,39,VNMC10
161,40,VNMC10
161,41,VNMC10
161,42,VNMC10
161,43,VNMC10
161,44,VNMC10
161,45,VNMC10
161,46,VNMC10
161,47,VNMC10
161,48,VNMC10
161,49,VNMC10
161,50,VNMC10
161,51,VNMC10
161,52,VNMC10
161,53,VNMC10
161,54,VNMC10
162,34,VNMC10
162,35,VNMC10
162,36,VNMC10
162,37,VNMC10
162,38,VNMC10
162,39,VNMC10
162,40,VNMC10
162,41,VNMC10
162,42,VNMC10
162,43,VNMC10
162,44,VNMC10
162,45,VNMC10
162,46,VNMC10
162,47,VNMC10
162,48,VNMC10
162,49,VNMC10
162,50,VNMC10
162,51,VNMC10
162,52,VNMC10
162,53,VNMC10
162,54,VNMC10
162,55,VNMC10
163,30,VNMC10
163,33,VNMC10
163,34,VNMC10
163,35,VNMC10
163,36,VNMC10
163,37,VNMC10
163,38,VNMC10
163,39,VNMC10
163,40,VNMC10
163,41,VNMC10
163,42,VNMC10
163,43,VNMC10
163,44,VNMC10
163,45,VNMC10
163,46,VNMC10
163,47,VNMC10
163,48,VNMC10
163,49,VNMC10
163,50,VNMC10
163,51,VNMC10
163,52,VNMC10
163,53,VNMC10
163,54,VNMC10
164,27,VNMC10
164,33,VNMC10
164,34,VNMC10
164,35,VNMC10
164,36,VNMC10
164,37,VNMC10
164,38,VNMC10
164,39,VNMC10
164,40,VNMC10
164,41,VNMC10
164,42,VNMC10
164,43,VNMC10
164,44,VNMC10
164,45,VNMC10
164,46,VNMC10
164,47,VNMC10
164,48,VNMC10
164,49,VNMC10
164,50,VNMC10
164,51,VNMC10
164,52,VNMC10
164,53,VNMC10
165,27,VNMC10
165,33,VNMC10
165,34,VNMC10
165,35,VNMC10
165,36,VNMC10
165,37,VNMC10
165,38,VNMC10
165,39,VNMC10
165,40,VNMC10
165,41,VNMC10
165,42,VNMC10
165,43,VNMC10
165,44,VNMC10
165,45,VNMC10
165,46,VNMC10
165,47,VNMC10
165,48,VNMC10
165,49,VNMC10
165,50,VNMC10
165,51,VNMC10
165,52,VNMC10
165,53,VNMC10
166,33,VNMC10
166,34,VNMC10
166,35,VNMC10
166,36,VNMC10
166,37,VNMC10
166,38,VNMC10
166,39,VNMC10
166,40,VNMC10
166,41,VNMC10
166,42,VNMC10
166,43,VNMC10
166,44,VNMC10
166,45,VNMC10
166,46,VNMC10
166,47,VNMC10
166,48,VNMC10
166,49,VNMC10
166,50,VNMC10
166,51,VNMC10
166,52,VNMC10
166,53,VNMC10
167,33,VNMC10
167,34,VNMC10
167,35,VNMC10
167,36,VNMC10
167,37,VNMC10
167,38,VNMC10
167,39,VNMC10
167,40,VNMC10
167,41,VNMC10
167,42,VNMC10
167,43,VNMC10
167,44,VNMC10
167,45,VNMC10
167,46,VNMC10
167,47,VNMC10
167,48,VNMC10
167,49,VNMC10
168,32,VNMC10
168,33,VNMC10
168,34,VNMC10
168,35,VNMC10
168,36,VNMC10
168,37,VNMC10
168,38,VNMC10
168,39,VNMC10
168,40,VNMC10
168,41,VNMC10
168,42,VNMC10
168,43,VNMC10
168,44,VNMC10
168,45,VNMC10
168,46,VNMC10
168,47,VNMC10
168,48,VNMC10
168,49,VNMC10
169,16,VNMC10
169,32,VNMC10
169,33,VNMC10
169,34,VNMC10
169,35,VNMC10
169,36,VNMC10
169,37,VNMC10
169,38,VNMC10
169,39,VNMC10
169,40,VNMC10
169,41,VNMC10
169,42,VNMC10
169,43,VNMC10
169,44,VNMC10
169,45,VNMC10
169,46,VNMC10
169,47,VNMC10
170,32,VNMC10
170,33,VNMC10
170,34,VNMC10
170,35,VNMC10
170,36,VNMC10
170,37,VNMC10
170,38,VNMC10
170,39,VNMC10
170,40,VNMC10
170,41,VNMC10
170,42,VNMC10
170,43,VNMC10
170,44,VNMC10
171,32,VNMC10
171,33,VNMC10
171,34,VNMC10
171,35,VNMC10
171,36,VNMC10
171,37,VNMC10
171,38,VNMC10
171,39,VNMC10
171,40,VNMC10
171,41,VNMC10
171,42,VNMC10
172,32,VNMC10
172,33,VNMC10
172,34,VNMC10
172,35,VNMC10
172,36,VNMC10
172,37,VNMC10
172,38,VNMC10
172,39,VNMC10
172,40,VNMC10
173,32,VNMC10
173,33,VNMC10
173,34,VNMC10
173,35,VNMC10
173,36,VNMC10
173,37,VNMC10
173,38,VNMC10
173,39,VNMC10
174,32,VNMC10
174,33,VNMC10
174,34,VNMC10
174,35,VNMC10
174,36,VNMC10
174,37,VNMC10
174,38,VNMC10
174,39,VNMC10
175,32,VNMC10
175,33,VNMC10
175,34,VNMC10
175,35,VNMC10
175,36,VNMC10
175,37,VNMC10
175,38,VNMC10
175,54,VNMC10
176,32,VNMC10
176,33,VNMC10
176,34,VNMC10
176,35,VNMC10
176,36,VNMC10
176,37,VNMC10
176,53,VNMC10
176,54,VNMC10
176,55,VNMC10
177,31,VNMC10
177,32,VNMC10
177,33,VNMC10
177,34,VNMC10
177,35,VNMC10
177,36,VNMC10
177,53,VNMC10
177,54,VNMC10
177,55,VNMC10
178,32,VNMC10
178,33,VNMC10
179,32,VNMC10
179,33,VNMC10
